ID_NLS,TIPO,RIC,PR,COMUNE,INDIR_ORIG,ZIP,ISTAT,DENOM_IMPRES,INSEGNA,INIZIO_ATT,ANNO_RICONOSCIMENTO,CAT_MERC,geo_y,geo_x
1766794,Negozio storico,Storica attività,MI,MILANO,VIA MICHELINO DA BESOZZO 10,20155,15146,PALADINI ABBIGLIAMENTO SAS DI PALADINI STEFANO & C,PALADINI,1965,2020,Abbigliamento e accessori,45.4938779,9.150329
2298345,Negozio storico,Storica attività,MI,MILANO,JENNER 0060,20159,15146,RADIO JENNER S.A.S. DI SERGIO PALADINI & C.,COECO,1956,2020,Attrezzature,45.49691,9.1737912
2298859,Locale storico,Storica attività,MI,MILANO,MURATORI LODOVICO 11,20135,15146,BONATTI WALTER,BARBISA,1973,2020,Bar e tabaccheria,45.4520542,9.2051256
2298872,Locale storico,Storica attività,MI,MILANO,CHAVEZ GIORGIO 4,20131,15146,NEW STEP S.R.L.,PIZZERIA VECCHIA NAPOLI,1968,2020,Ristorazione,45.4920828,9.2265851
2319623,Bottega artigiana storica,Bottega storica,MI,MILANO,PADOVA 186,20132,15146,ACCONCIATURE UNISEX S.A.S. DI ANDREA ROSSI & C.,ACCONCIATURE UNISEX ANDREA ROSSI,1965,2020,Cura della persona,45.5012853,9.2370437
2321986,Negozio storico,Storica attività,MI,MILANO,LUIGI MAJNO 0010,20129,15146,EURONUMMUS S.P.A.,EURONUMMUS,1963,2020,Preziosi,45.4694941,9.2060294
2322031,Negozio storico,Storica attività,MI,MILANO,GUGLIELMO SILVA 35,20149,15146,CAVALER MASSIMO,CAVALER GIOIELLI DAL 1961,1961,2020,Preziosi,45.4785112,9.1475864
2323658,Negozio storico,Storica attività,MI,MILANO,BERGAMINI 7,20122,15146,ANACONDA S.R.L.,ANACONDA,1980,2020,Preziosi,45.4618046,9.1941638
2324893,Negozio storico,Storica attività,MI,MILANO,ZARA 119,20159,15146,RAVASI RICCARDO,L'ORAFO RAVASI,1967,2020,Preziosi,45.4983771,9.1956842
2331061,Negozio storico,Storica attività,MI,MILANO,MANZONI ALESSANDRO 29,20121,15146,PEDERZANI DI CLAUDIO PEDERZANI E C. S.A.S.,PEDERZANI,1947,2020,Preziosi,45.4699363,9.192522
2669703,Bottega artigiana storica,Bottega storica,MI,MILANO,VIA FRANCESCO NOVATI 2,20123,15146,CASTIGLIONI STEFANO LUCA,CASTIGLIONI,1972,2021,Casa e arredamento,45.4603347,9.1773152
2677387,Locale storico,Storica attività,MI,MILANO,VIA ROSELLINI IPPOLITO 8,20124,15146,SONCINA CLAUDIO RAFFAELE,BAR NILO,1969,2021,Bar e tabaccheria,45.4890052,9.1942972
2679796,Negozio storico,Negozio storico,MI,MILANO,VIA SETTEMBRINI LUIGI 39,20124,15146,CARTOLERIA BONFIOLI DI COZZI MARIACARLA,CARTOLERIA BONFIOLI,1940,2021,Cartoleria e libreria,45.483902,9.2080674
2681146,Negozio storico,Storica attività,MI,MILANO,VIA MARCIANO 12,20133,15146,CARBOGNIN S.R.L.,CARBOGNIN FIORI,1922,2021,Sport e tempo libero,45.4676192,9.2314162
2682409,Negozio storico,Negozio storico,MI,MILANO,VIALE MONZA 0020,20127,15146,DE AMBROSIS GIANCARLO,CAPPELLERIA L. CABELLA,1924,2021,Abbigliamento e accessori,45.4892149,9.2178095
2784269,Bottega artigiana storica,Storica attività artigiana,MI,MILANO,VIA DELLE FORZE ARMATE 0246,20152,15146,TINTORIA LAURA DI PIZZAMIGLIO SILVANA,TINTORIA LAURA,1961,2021,Abbigliamento e accessori,45.4604381,9.1081326
2944587,Negozio storico,Storica attività,MI,MILANO,VIA VITRUVIO 0008,20124,15146,M. ROSSI SAS DI MARIO ROSSI E C.,MARIO ROSSI TIMBRI E TARGHE,1961,2021,Miscellanea,45.4808693,9.2097326
3142474,Locale storico,Storica attività,MI,MILANO,PIAZZALE DATEO 5,20129,15146,"WINE BAR GIGLIO DI DI FILIPPO GIACOMO, ANDREA & C. S.N.C.",BAR GIGLIO,1967,2021,Bar e tabaccheria,45.4685973,9.2164823
3166121,Bottega artigiana storica,Storica attività artigiana,MI,MILANO,GALLERIA UNIONE 1,20147,15146,IL MAESTRO DEL TEMPO DI BOTTICCHIO ROBERTO,IL MAESTRO DEL TEMPO,1978,2021,Preziosi,45.4614746,9.1875793
3182072,Negozio storico,Storica attività,MI,MILANO,VIA TOMMASO SALVINI 0003,20122,15146,GIORDANO ALFREDO RICCARDO,PANETTERIA PASTICCERIA GIORDANO,1963,2021,Alimentari e specialità alimentari,45.4719056,9.2035787
3182123,Negozio storico,Storica attività,MI,MILANO,VIALE PIAVE 0020,20129,15146,DROGHERIA RADRIZZANI DI EMILIO RADRIZZANI & C. S.N.C.,DROGHERIA RADRIZZANI,1940,2021,Alimentari e specialità alimentari,45.4710877,9.2069064
3182156,Negozio storico,Storica attività,MI,MILANO,VIA PONTE VETERO 4,20121,15146,ROSSI & GRASSI S.R.L.,ROSSI & GRASSI SALUMIERI,1971,2021,Alimentari e specialità alimentari,45.4691963,9.185442
3184556,Negozio storico,Storica attività,MI,MILANO,VIA NIRONE 0005,20123,15146,LA BOTTEGA DISCANTICA DI GRAZIOLI LUIGI,LA BOTTEGA DISCANTICA,1974,2021,Miscellanea,45.465357,9.1781798
3184790,Negozio storico,Storica attività,MI,MILANO,VIA GIUSEPPE MEDA 23,20136,15146,MASCHERPA ELETRODOMESTICI DI MASCHERPA GIANCARLA,COECO MASCHERPA ELETTRODOMESTICI,1968,2021,Attrezzature,45.4432403,9.179113
3194193,Locale storico,Storica attività,MI,MILANO,VIA PALESTRO SNC,20121,15146,BIANCO DI CALLONI BRUNO GIUSEPPE,BAR BIANCO,1960,2021,Bar e tabaccheria,45.4727782,9.1964716
3194372,Negozio storico,Storica attività,MI,MILANO,CORSO ITALIA 0016,20122,15146,CIVELLI DI PIER GIORGIO CIVELLI & C. SAS,CIVELLI 1961,1961,2021,Alimentari e specialità alimentari,45.4578991,9.1874839
3194575,Locale storico,Storica attività,MI,MILANO,VIA GALVANI LUIGI 15,20124,15146,RISCO S.R.L.,IL CERCHIO TRATTORIA TOSCANA,1969,2021,Ristorazione,45.486743,9.1983723
3195358,Negozio storico,Storica attività,MI,MILANO,VIALE MONTE CENERI 78,20155,15146,MALINVERNO STEFANO,IL MACELLAIO DI MALINVERNO,1954,2021,Alimentari e specialità alimentari,45.4904898,9.1517728
3195437,Locale storico,Storica attività,MI,MILANO,VIA DONATELLO 27,20131,15146,KHELLA BOTROS,PASTICCERIA VALENTE,1931,2021,"Gelaterie, pasticcerie e torrefazioni",45.4803765,9.2208683
3195474,Locale storico,Locale storico,MI,MILANO,VIA MERCATO 0014,20121,15146,PALMA CLAUDIO S.R.L.,PIZZERIA SIBILLA,1951,2021,Ristorazione,45.4709245,9.1844302
3197062,Negozio storico,Storica attività,MI,MILANO,PIAZZA SANTA MARIA BELTRADE 2,20123,15146,BOUTIQUE DEL GIOIELLO -S.R.L.,BOUTIQUE DEL GIOIELLO,1981,2021,Preziosi,45.4628722,9.1869033
3203197,Locale storico,Storica attività,MI,MILANO,VIA CELLINI 0003,20129,15146,VIA S.RL.,LA BAIA,1976,2021,Ristorazione,45.4627683,9.2087084
3204624,Negozio storico,Storica attività,MI,MILANO,CORSO MAGENTA 0027,20123,15146,BUSCEMI HI-FI DI BUSCEMI PIETRO & C. SAS,BUSCEMI HI-FI,1969,2021,Attrezzature,45.4659193,9.1770273
3206662,Locale storico,Locale storico,MI,MILANO,VIA DEI GIGLI 14,20147,15146,CASCINA CORBA SOCIETA' A RESPONSABILITA' LIMITATA,RISTORANTE CASCINA CORBA,1969,2021,Ristorazione,45.4525737,9.1330386
3454349,Negozio storico,Negozio storico,MI,MILANO,VIA DELLA MOSCOVA 68,20121,15146,ASNAGHI GIACINTO S.N.C. DI ASNAGHI ALDO ANTONIO E MARIA ASSUNTA,G.TO ASNAGHI TESSUTI,1940,2022,Abbigliamento e accessori,45.4783739,9.182178
3481174,Negozio storico,Storica attività,MI,MILANO,CORSO DI PORTA ROMANA 0006,20122,15146,"INCENDIO - SOCIETA' A RESPONSABILITA' LIMITATA (O IN FORMA ABBREVIATA ""INCENDIO - S.R.L."")",INCENDIO,1982,2022,Abbigliamento e accessori,45.4598638,9.1892754
3500840,Negozio storico,Storica attività,MI,MILANO,PIAZZA WAGNER,20145,15146,FRATELLI PEDOL S.R.L.,PESCHERIA PEDOL,1970,2022,Alimentari e specialità alimentari,45.46798,9.15614
3547040,Negozio storico,Storica attività,MI,MILANO,VIA GIUSEPPE COMPAGNONI 0024,20129,15146,MARAZZI GIOVAN BATTISTA,EDICOLA,1982,2022,Cartoleria e libreria,45.4653535,9.2216238
3551779,Negozio storico,Storica attività,MI,MILANO,CORSO DI PORTA ROMANA 0074,20122,15146,LIVIANI ELVIRA,LIVIANI,1978,2022,Preziosi,45.4567399,9.1945049
3553893,Negozio storico,Storica attività,MI,MILANO,CORSO VERCELLI 37,20144,15146,"GIOIELLERIA ""DELLA FONTE GIOIELLI"" DI DELLA FONTE STEFANO",DELLA FONTE,1969,2022,Preziosi,45.4663731,9.1596687
3554343,Negozio storico,Negozio storico,MI,MILANO,VIA PETRARCA FRANCESCO 7,20123,15146,"E. MARINELLA SRL DI LUIGI, MAURIZIO E ALESSANDRO MARINELLA",STIVALERIA SAVOIA,1870,2022,Abbigliamento e accessori,45.4711655,9.1693941
3557370,Negozio storico,Storica attività,MI,MILANO,VIA DURINI 2,20122,15146,MAGNANI GIOIELLI S.N.C. DI MAGNANI ANNA,GIOIELLI,1929,2022,Preziosi,45.4636685,9.1976463
3567224,Locale storico,Storica attività,MI,MILANO,PIAZZA ERNESTO DE ANGELI 0012,20146,15146,SANDY-BAR S.N.C. DI GIAMBATTISTA ANNACONDIA E C.,SANDY BAR,1981,2022,Bar e tabaccheria,45.4667534,9.1491418
3571152,Bottega artigiana storica,Storica attività artigiana,MI,MILANO,VIA MONTE CERVINO 4,20149,15146,ORNELLA BIJOUX DI EREDI DI ALBANI MARIA VITTORIA,ORNELLA BIJOUX,1944,2022,Preziosi,45.4756582,9.1498175
3577823,Negozio storico,Storica attività,MI,MILANO,VIA FIORI CHIARI 2,20121,15146,ROBERTA E BASTA DI ROBERTA TAGLIAVINI,ROBERTAEBASTA,1969,2022,Casa e arredamento,45.4723115,9.1871961
3582486,Negozio storico,Storica attività,MI,MILANO,VIA OMBONI GIOVANNI 1,20129,15146,CENTRO LUCE S.R.L.,OSRAM CENTRO LUCE,1969,2022,Attrezzature,45.4775913,9.2086773
3591064,Negozio storico,Storica attività,MI,MILANO,VIA ORNATO LUIGI 25,20162,15146,GIOIELLERIA LOCATELLI S.R.L.,LOCATELLI,1961,2022,Preziosi,45.5167914,9.1908524
3591337,Negozio storico,Negozio storico,MI,MILANO,LARGO CLAUDIO TREVES 0002,20121,15146,ARGENTERIA DABBENE S.R.L.,DABBENE,1939,2022,Preziosi,45.4752183,9.1871581
3591456,Negozio storico,Storica attività,MI,MILANO,VIA SALOMONE ORESTE 65,20138,15146,FRATELLI INGEGNOLI S.P.A.,FRATELLI INGEGNOLI MILANO,1817,2022,Casa e arredamento,45.4506459,9.2416463
3592286,Negozio storico,Storica attività,MI,MILANO,VIA GASPARE GOZZI 4,20129,15146,TAILORS S.R.L.,L'ALOUETTE BOUTIQUE,1979,2022,Abbigliamento e accessori,45.4686098,9.2226582
3592649,Negozio storico,Storica attività,MI,MILANO,VIA FILIPPO CORRIDONI 41,20122,15146,RAIMONDI DAVIDE,MACELLERIA RAIMONDI,1972,2022,Alimentari e specialità alimentari,45.4637432,9.2045748
3593645,Negozio storico,Storica attività,MI,MILANO,VIA MONTE NAPOLEONE 8,20121,15146,SABBADINI S.R.L.,SABBADINI,1978,2022,Preziosi,45.4678896,9.19573
3593881,Locale storico,Storica attività,MI,MILANO,VIA MAURO MACCHI 2,20124,15146,CAVALLINI 1934 S.R.L.,ANTICA OSTERIA CAVALLINI,1934,2022,Ristorazione,45.4810474,9.2039051
3595644,Locale storico,Storica attività,MI,MILANO,VIA VINCENZO MONTI 0028,20123,15146,PIZZERIA BIAGIO S.N.C. DI FERDINANDO GIOVANNI IANNONE E GAETANO SANDRO IANNONE,PIZZERIA BIAGIO,1978,2022,Ristorazione,45.4685999,9.1724577
3596868,Negozio storico,Storica attività,MI,MILANO,VIA LUIGI ORNATO 13,20162,15146,TAINI LUIGI DI CERIBELLI MILENA,TAINI,1970,2022,Preziosi,45.5157022,9.1909851
6197,Negozio storico,Negozio storico,MI,MILANO,"VIA GIUSEPPE VERDI, 6",20123,15146,AMLETO MISSAGLIA 1884 SOCIETA' A RESPONSABILITA' LIMITATA SEMPLIFICATA,AMLETO MISSAGLIA - GIOIELLERIA,1884,2010,Preziosi,45.468193,9.1891213
6199,Locale storico,Insegna storica e di tradizione top,MI,MILANO,"PIAZZA DUOMO, 21",20121,15146,Caffe' Miani S.r.l.,ZUCCA IN GALLERIA,1867,2010,Bar e tabaccheria,45.4647892,9.189597
6200,Negozio storico,Negozio storico,MI,MILANO,"Galleria Vittorio Emanuele , 12",20121,15146,Libreria Bocca di Giorgio Lodetti SAS,LIBRERIA BOCCA,1775,2010,Cartoleria e libreria,45.4666,9.18988
6201,Negozio storico,Negozio storico,MI,MILANO,"Via Brera, 4",20121,15146,F. Pettinaroli di Giorgio e Francesco Pettinaroli & C. S.a.s.,F. PETTINAROLI,1881,2010,Cartoleria e libreria,45.4696094,9.1881056
6202,Negozio storico,Negozio storico,MI,MILANO,"Via Valpetrosa, 1",20123,15146,Fratelli Chiaravalli S.r.l.,GIOIELLERIA CHIARAVALLI,1915,2010,Preziosi,45.4624488,9.1854415
6204,Locale storico,Insegna storica e di tradizione top,MI,MILANO,"VIALE ALEMAGNA, 6",20121,15146,Old Fashion srl,OLD FASHION CAFÈ,1933,2010,Ristorazione,45.4722117,9.1735828
6205,Locale storico,Insegna storica e di tradizione top,MI,MILANO,"VIA VISCONTI DI MODRONE UBERTO, 2",20122,15146,UNIQUE EUROPE SRL,TAVEGGIA,1909,2010,Bar e tabaccheria,45.4633596,9.1991044
6206,Negozio storico,Negozio storico,MI,MILANO,"via F. Sforza, 1",20122,15146,Martino Danilo,PINTICA ARTE ORAFA F.LLI MARTINO,1923,2010,Preziosi,45.4630435,9.1987751
6207,Locale storico,Insegna storica e di tradizione top,MI,MILANO,"Via Ugo Foscolo, 5",20121,15146,Ristorante Savini S.r.l.,SAVINI,1867,2010,Ristorazione,45.4657398,9.1906649
6208,Locale storico,Locale storico,MI,MILANO,"Via Bagutta, 14",20121,15146,Trattoria Bagutta f.lli Pepori srl,TRATTORIA BAGUTTA,1924,2010,Ristorazione,45.4677414,9.1965736
6214,Negozio storico,Storica attività,MI,MILANO,"Via G.Morone, 3",20121,15146,Antica Barbieria Colla,ANTICA BARBIERIA COLLA,1904,2010,Cura della persona,45.4681106,9.1918471
6215,Negozio storico,Negozio storico,MI,MILANO,"Piazza Risorgimento, 3",20129,15146,Antica Cartoleria Novecento di Alberta Capponi,ANTICA CARTOLERIA NOVECENTO,1899,2010,Cartoleria e libreria,45.4684453,9.21005
6217,Locale storico,Locale storico,MI,MILANO,"Via Vittorini, 4",20138,15146,Bagutto S.r.l.,ANTICA TRATTORIA BAGUTTO,1284,2010,Ristorazione,45.4442576,9.2608755
6218,Negozio storico,Insegna storica e di tradizione top,MI,MILANO,"Galleria Vittorio Emanuele II, 33",20121,15146,Bernasconi Argenteria S.r.l.,BERNASCONI ARGENTERIA DAL 1872,1872,2010,Preziosi,45.4665772,9.1898623
6220,Negozio storico,Negozio storico,MI,MILANO,"Via Burigozzo, 3",20122,15146,Romeo Miracoli & Figlio S.r.l.,MIRACOLI ROMEO & FIGLIO - GIOIELLERIA,1912,2010,Preziosi,45.4533182,9.1859277
6221,Negozio storico,Negozio storico,MI,MILANO,"GALLERIA VITTORIO EMANUELE II, 82",20121,15146,NOLI LUCA,NOLI ARTICOLI PER FUMATORI,1927,2010,Sport e tempo libero,45.46606,9.19016
6222,Negozio storico,Storica attività,MI,MILANO,"Via Manzoni, 12",20121,15146,Bijoux De Paris S.r.l.,BIJOUX DE PARIS,1953,2010,Sport e tempo libero,45.4685868,9.191324
6223,Locale storico,Locale storico,MI,MILANO,"PIAZZA DUCA D'AOSTA, 10",20124,15146,Caffe' Panzera S.a.s.,CAFFÈ PANZERA,1931,2010,Bar e tabaccheria,45.4837994,9.2044509
6225,Locale storico,Storica attività,MI,MILANO,"VIA LIPARI, 2",20144,15146,3A S.N.C. DI DI PIETRO MASSIMO & C.,WALTER BULLONI - ENOTECA,1933,2010,Bar e tabaccheria,45.4615236,9.1623998
6226,Negozio storico,Negozio storico,MI,MILANO,"VIA TAGLIAMENTO, 1",20139,15146,FBM S.R.L. - FRATELLI BONVINI MILANO CARTOLERIA E TIPOGRAFIA DAL 1909,CARTOLERIA TIPOGRAFIA F.LLI BONVINI,1909,2010,Cartoleria e libreria,45.4439116,9.2154448
6228,Locale storico,Insegna storica e di tradizione top,MI,MILANO,"Via Montenapoleone, 8",20121,15146,Cova Montenapoleone srl,COVA PASTICCERIA,1817,2010,Bar e tabaccheria,45.4678896,9.19573
6229,Negozio storico,Storica attività,MI,MILANO,"Galleria Buenos Aires, 12",20124,15146,F.lli Bugada srl,DITTA D. COLLINI F.LLI BUGADA - CASALINGHI,1883,2010,Casa e arredamento,45.4794312,9.2108795
6230,Negozio storico,Storica attività,MI,MILANO,"PIAZZA MERCANTI, 21",20123,15146,DITTA GUENZATI DI RAGNO LUIGI LUCA & C. - SOCIETA' IN ACCOMANDITASEMPLICE,DITTA GUENZATI,1768,2010,Merceria,45.46494,9.18738
6231,Negozio storico,Negozio storico,MI,MILANO,"Corso Venezia, 6",20121,15146,Ditta Raimondi di Pettinaroli S.p.a.,DITTA RAIMONDI DI PETTINAROLI CASA FONDATA NEL 1766,1922,2010,Cartoleria e libreria,45.4675597,9.1983595
6232,Negozio storico,Storica attività,MI,MILANO,"Via Larga, 8",20122,15146,F.lli Brambilla S.n.c.,A. BRAMBILLA - ABBIGLIAMENTO,1926,2010,Abbigliamento e accessori,45.4622557,9.1930518
6233,Negozio storico,Storica attività,MI,MILANO,"VIALE ZARA, 132",20125,15146,ditta individuale,DROGHERIA LA CASA DEL MIELE,1929,2010,Alimentari e specialità alimentari,45.5006923,9.1978479
6234,Negozio storico,Negozio storico,MI,MILANO,"Via Panfilo Castaldi, 29",20124,15146,ditta individuale,ANTICA FARMACIA DEL LAZZARETTO,1750,2010,Salute e benessere,45.4765286,9.2035751
6235,Negozio storico,Storica attività,MI,MILANO,"CORSO DI PORTA TICINESE, 98",20123,15146,FARMACIA SANT'EUSTORGIO S.N.C. DI FARMACIA SUZZANI S.N.C. DI ROMANO E ALBERTO MISSAGLIA,FARMACIA S. EUSTORGIO,1811,2010,Salute e benessere,45.4537749,9.1803023
6236,Negozio storico,Storica attività,MI,MILANO,"Viale Bligny, 66",20136,15146,Prato Tranquillo snc,FERRAMENTA CASALINGHI PRATO TRANQUILLO,1927,2010,Attrezzature,45.45093782,9.19668719
6237,Locale storico,Locale storico,MI,MILANO,"Corso di Porta Romana, 2",20122,15146,Giovanni Galli S.n.c.,GIOVANNI GALLI - PASTICCERIA,1911,2010,"Gelaterie, pasticcerie e torrefazioni",45.4602,9.1887146
6238,Negozio storico,Storica attività,MI,MILANO,"VIA MOSCOVA, 60",20121,15146,GALLIA E PETER DI MARELLI LAURA,GALLIA E PETER,1932,2010,Abbigliamento e accessori,45.4781267,9.1834322
6239,Negozio storico,Negozio storico,MI,MILANO,"Corso Buenos Aires, 40/3",20124,15146,F.lli Cortelazzi di Cortelazzi Marco e Gianpaolo S.n.c.,GIOIELLERIA F.LLI CORTELAZZI,1953,2010,Preziosi,45.47941127,9.21000556
6240,Locale storico,Locale storico,MI,MILANO,"Via V. Hugo, 2",20122,15146,Giovanni Galli S.n.c.,GIOVANNI GALLI - PASTICCERIA,1911,2010,"Gelaterie, pasticcerie e torrefazioni",45.4640551,9.1872465
6241,Negozio storico,Storica attività,MI,MILANO,"CORSO MAGENTA, 31",20123,15146,GROSSI ALFREDO FRANCESCO,DROGHERIA GROSSI,1928,2010,Alimentari e specialità alimentari,45.4658545,9.1761138
6242,Negozio storico,Storica attività,MI,MILANO,"Via delle erbe, 2",20121,15146,ditta individuale,GUERRINI - STRUMENTI MUSICALI,1953,2010,Sport e tempo libero,45.4709864,9.1839006
6243,Locale storico,Insegna storica e di tradizione top,MI,MILANO,"Via Brera, 32",20121,15146,Ponte Di Brera S.r.l.,JAMAICA,1911,2010,Bar e tabaccheria,45.4725896,9.187554
6244,Locale storico,Locale storico,MI,MILANO,"Via S. Maria alla Porta, 10",20123,15146,S.C. MILANO S.R.L.,TRATTORIA LA COLONNA,1922,2010,Ristorazione,45.4653776,9.1811734
6246,Negozio storico,Storica attività,MI,MILANO,"Via Vincenzo Monti, 2",20123,15146,F.lli Merlo S.n.c.,CARTOLERIA F.LLI MERLO,1930,2010,Cartoleria e libreria,45.4663422,9.1754568
6247,Negozio storico,Negozio storico,MI,MILANO,"Largo Schuster, 1",20122,15146,libreria malavasi s.a.s. di malavasi maurizio & c.,LIBRERIA MALAVASI,1940,2010,Cartoleria e libreria,45.4625899,9.1925812
6249,Negozio storico,Storica attività,MI,MILANO,"Via P. Sarpi, 27",20154,15146,ditta individuale,MACELLERIA SIRTORI,1931,2010,Alimentari e specialità alimentari,45.4813335,9.1760087
6251,Negozio storico,Negozio storico,MI,MILANO,"Via Montenapoleone, 15",20121,15146,Melegari e Costa Montenapoleone S.a.s.,MELEGARI E COSTA MONTENAPOLEONE,1945,2010,Abbigliamento e accessori,45.4685,9.1948205
6252,Negozio storico,Negozio storico,MI,MILANO,"Via Conservatorio, 17",20122,15146,ditta individuale,MITAROTONDA - STRUMENTI MUSICALI,1888,2010,Sport e tempo libero,45.4670058,9.2021724
6253,Locale storico,Storica attività,MI,MILANO,"Via Laghetto, 2",20122,15146,Cantina Piemontese S.r.l.,CANTINA PIEMONTESE,1908,2010,Ristorazione,45.4616258,9.1953825
6254,Negozio storico,Negozio storico,MI,MILANO,"CORSO DI PORTA ROMANA, 74",20122,15146,OTTICA ARNALDO CHIERICHETTI SRL,OTTICA ARNALDO CHIERICHETTI,1914,2010,Ottica e fotografia,45.4567399,9.1945049
6255,Negozio storico,Negozio storico,MI,MILANO,"Via Borgonuovo , 3",20121,15146,Il Polifilo Libri Rari sas,IL POLIFILO LIBRI RARI,1941,2010,Cartoleria e libreria,45.4704941,9.1916592
6258,Negozio storico,Storica attività,MI,MILANO,"Via Hoepli, 3",20121,15146,Ravizza Sport S.r.l.,RAVIZZA SPORT,1871,2010,Abbigliamento e accessori,45.46626,9.1922
6259,Negozio storico,Negozio storico,MI,MILANO,"via Bergamini, 7",20122,15146,Sangalli Giuliano & c. S.n.c.,SANGALLI DAL 1900 OROLOGERIA - GIOIELLERIA - PENDOLERIA,1900,2010,Preziosi,45.4618046,9.1941638
6260,Locale storico,Locale storico,MI,MILANO,"Via San Pietro All'Orto, 3",20122,15146,San Francisco srl,RISTORANTE A' SANTA LUCIA,1929,2010,Ristorazione,45.4658047,9.1956145
6263,Locale storico,Locale storico,MI,MILANO,"Via Morigi, 8",20123,15146,Moriggi 8 srl,TAVERNA MORIGGI,1900,2010,Ristorazione,45.4638682,9.1808711
6264,Locale storico,Locale storico,MI,MILANO,"VIALE UMBRIA, 80",20136,15146,Trattoria Masuelli S. Marco srl,TRATTORIA MASUELLI S. MARCO,1921,2010,Ristorazione,45.4563954,9.2171863
6302,Negozio storico,Storica attività,MI,MILANO,"Via Dogana, 2",20123,15146,Adamas Srl,ADAMAS GIOIELLI,1949,2010,Preziosi,45.4633435,9.1891112
6303,Negozio storico,Storica attività,MI,MILANO,"Largo Schuster , 1",20122,15146,Agenzia Ecclesiastica Arcivescovile Tricella snc,AGENZIA ECCLESIASTICA ARCIVESCOVILE TRICELLA,1888,2010,Articoli sacri,45.4625899,9.1925812
6304,Negozio storico,Storica attività,MI,MILANO,"Via Torino, 61",20123,15146,Al Pascia' S.r.l.,AL PASCIÀ - PIPE ED ARTICOLI PER FUMATORI,1905,2010,Sport e tempo libero,45.4606352,9.1832381
6307,Negozio storico,Storica attività,MI,MILANO,"VIA ALTAGUARDIA, 8",20135,15146,GANCI ARGENTERIE S.R.L.,ARGENTERIE GANCI,1926,9999,Preziosi,45.4501389,9.1995868
6308,Negozio storico,Storica attività,MI,MILANO,"Via V.Colonna, 54",20149,15146,Argenterie Italiane,ARGENTERIE ITALIANE,1919,2010,Preziosi,45.4670351,9.1481258
6310,Negozio storico,Storica attività,MI,MILANO,"LARGO FRANCESCO RICHINI, 1",20122,15146,ASPESI 1910 S.R.L.,ASPESI - OTTICA,1910,2010,Ottica e fotografia,45.4604358,9.1934845
6312,Negozio storico,Storica attività,MI,MILANO,"VIA ROVELLO, 1",20121,15146,BENITO S.N.C. DI SALVATORE MAZZOTTA E C.,BENITO COIFFEUR,1951,2010,Cura della persona,45.4669447,9.1845734
6314,Negozio storico,Storica attività,MI,MILANO,"PIAZZALE BARACCA, 10",20123,15146,ditta individuale,PANIFICIO BOLLANI,1930,2010,Alimentari e specialità alimentari,45.4664994,9.1648242
6316,Negozio storico,Storica attività,MI,MILANO,"VIA CASORETTO, 5",20131,15146,BAGATTI DANIELE,BOTTEGA ARTIGIANA BRONZISTI BOTTEGA BAGATTI,1927,2010,Attrezzature,45.4888834,9.2252988
6317,Negozio storico,Storica attività,MI,MILANO,"Via Dogana, 2",20123,15146,Enrico Broggi sas,BROGGI,1947,2010,Casa e arredamento,45.4633435,9.1891112
6318,Negozio storico,Negozio storico,MI,MILANO,"Galleria Vittorio Emanuele, 5",20121,15146,Cade' S.r.l.,CADE',1926,2010,Abbigliamento e accessori,45.46496,9.18989
6320,Negozio storico,Storica attività,MI,MILANO,"VIA SONCINO, 1",20123,15146,CAMICERIA AMBROSIANA DI AGOSTINI ALESSANDRO,CAMICERIA AMBROSIANA,1954,2010,Abbigliamento e accessori,45.4602401,9.1825743
6321,Negozio storico,Storica attività,MI,MILANO,"Via Paolo Sarpi, 19",20154,15146,Cappelleria Melegari sas,CAPPELLERIA MELEGARI,1914,2010,Abbigliamento e accessori,45.4813802,9.1769586
6323,Negozio storico,Storica attività,MI,MILANO,"Via Maddalena, 5",20122,15146,Cartoleria Donzelli sas,CARTOLERIA DONZELLI,1930,2010,Cartoleria e libreria,45.4594805,9.1883804
6324,Negozio storico,Storica attività,MI,MILANO,"Via Vincenzo Monti, 9",20123,15146,Cavalleri Gioielli S.a.s. di Giampiero Podda & C.,CAVALLERI GIOIELLI,1834,2010,Preziosi,45.4670128,9.1740625
6325,Negozio storico,Storica attività,MI,MILANO,"Via Canaletto, 1",20133,15146,ditta individuale,CICLI COSS,1945,2010,Sport e tempo libero,45.4698468,9.2276237
6326,Locale storico,Storica attività,MI,MILANO,"Galleria Buenos Aires, 11",20124,15146,BE ONE MILANO S.R.L.,CIN CIN BAR,1953,2010,Bar e tabaccheria,45.4795643,9.2104039
6327,Negozio storico,Storica attività,MI,MILANO,"PIAZZALE SUSA, 13",20133,15146,Cinefoto Susa S.a.s.,CINEFOTO SUSA,1935,2010,Ottica e fotografia,45.4687083,9.2246748
6328,Negozio storico,Storica attività,MI,MILANO,"PIAZZA MISSORI, 3",20123,15146,ditta individuale,CITTÀ DI LONDRA,1949,2010,Abbigliamento e accessori,45.46091,9.18866
6329,Negozio storico,Storica attività,MI,MILANO,"Via Trincea delle Frasche, 1",20136,15146,Confezioni Viola sas,VIOLA - CONFEZIONI,1938,2010,Abbigliamento e accessori,45.4520454,9.1811495
6331,Locale storico,Storica attività,MI,MILANO,"Via Algarotti, 20",20124,15146,Ristorante Da Berti srl,RISTORANTE DA BERTI,1843,2010,Ristorazione,45.4885413,9.1966734
6332,Negozio storico,Storica attività,MI,MILANO,"LARGO SETTIMIO SEVERO, 1",20144,15146,DE MOLFETTA MASSIMO ALBERTO,DE MOLFETTA,1938,2010,Abbigliamento e accessori,45.4661178,9.1624453
6333,Negozio storico,Storica attività,MI,MILANO,"VIA GIOVANNI GHERARDINI, 2",20145,15146,DELLE FAVE MARIO,BARBIERE MARIO DELLE FAVE,1957,2010,Cura della persona,45.4769211,9.1702042
6334,Negozio storico,Storica attività,MI,MILANO,"VIA SAN DAMIANO, 4",20122,15146,DELLERA SRL,DELLERA,1937,2010,Abbigliamento e accessori,45.4677459,9.2002365
6336,Negozio storico,Storica attività,MI,MILANO,"CORSO PORTA ROMANA, 74",20122,15146,Ditta Andrea Spinardi di Gianpaolo e Andrea Spinardi sas,DITTA ANDREA SPINARDI OTTONAMI - FERRAMENTA,1907,2010,Attrezzature,45.4567399,9.1945049
6337,Negozio storico,Storica attività,MI,MILANO,"Corso di Porta Romana, 2",20122,15146,ditta individuale,WALTER - ABBIGLIAMENTO,1932,2010,Abbigliamento e accessori,45.4602,9.1887146
6338,Negozio storico,Storica attività,MI,MILANO,"Via Porpora, 157",20131,15146,ditta individuale,IL GRIFO D'ORO ENOTECA,1937,2010,Alimentari e specialità alimentari,45.4862117,9.231949
6339,Negozio storico,Storica attività,MI,MILANO,"VIA PAOLO SARPI, 63",20154,15146,NOVETTI ELENA,ERBORISTERIA NOVETTI,1952,2010,Salute e benessere,45.4809176,9.1707654
6340,Negozio storico,Storica attività,MI,MILANO,"Via Bergamini, 5",20122,15146,ditta individuale,BERETTA - CASALINGHI,1800,2010,Casa e arredamento,45.461994,9.1940604
6341,Locale storico,Storica attività,MI,MILANO,"Corso Venezia, 43",20122,15146,F.lli Freni srl Pasticceria Siciliana,FRATELLI FRENI -  PASTICCERIA SICILIANA,1914,2010,"Gelaterie, pasticcerie e torrefazioni",45.4707994,9.2010683
6344,Negozio storico,Storica attività,MI,MILANO,"Via Montenapoleone, 9",20121,15146,F.lli Pisa SRL,PISA OROLOGERIA,1940,2010,Preziosi,45.4682473,9.1951103
6345,Negozio storico,Storica attività,MI,MILANO,"Galleria Vittorio Emanuele, 63/65",20121,15146,Fratelli Prada srl,FRATELLI PRADA,1913,2010,Abbigliamento e accessori,45.46574,9.18981
6347,Negozio storico,Storica attività,MI,MILANO,"Via N. Piccinni, 1/3",20131,15146,Farmacia Dr. Mazzoleni & C. S.n.c.,FARMACIA MAZZOLENI,1908,2010,Salute e benessere,45.48330652,9.21387223
6348,Negozio storico,Storica attività,MI,MILANO,"Via Pavia, 1",20136,15146,ditta individuale,FARMACIA SAN GOTTARDO DOTT.SSA BIANCHINI CLARA MARIA,1886,2010,Salute e benessere,45.4472201,9.1791781
6349,Negozio storico,Storica attività,MI,MILANO,"Viale Sabotino, 1",20135,15146,Mercandelli Francesco,FIORERIA MERCANDELLI,1936,2010,Sport e tempo libero,45.4510568,9.1971998
6350,Negozio storico,Storica attività,MI,MILANO,"Via Alberto da Giussano, 1",20145,15146,Fiorista C. Palma S.a.s.,FIORISTA CARLO PALMA,1948,2010,Sport e tempo libero,45.4672574,9.1647921
6351,Negozio storico,Storica attività,MI,MILANO,"PIAZZA DEL TRICOLORE, 2",20129,15146,Colombo Della Volta S.r.l.,FIORISTA COLOMBO DELLA VOLTA,1928,2010,Sport e tempo libero,45.4675571,9.2063002
6353,Negozio storico,Storica attività,MI,MILANO,"Via Della Spiga, 9",20121,15146,FMS trading srl,SCAVIA GIOIELLERIA,1923,2010,Preziosi,45.4692916,9.1978302
6358,Negozio storico,Storica attività,MI,MILANO,"VIA ZECCA VECCHIA, 3",20123,15146,GARAGE S.REMO SRL,GARAGE SAN REMO,1949,2010,Auto e Moto,45.4622351,9.1845062
6359,Locale storico,Storica attività,MI,MILANO,"Via Veglia, 57",20121,15146,Garbagnati le SpecialitÃ  srl,GARBAGNATI - PANETTERIA PASTICCERIA,1937,2010,"Gelaterie, pasticcerie e torrefazioni",45.50003239,9.19506243
6360,Negozio storico,Storica attività,MI,MILANO,"Via del Torchio, 14",20123,15146,GARUE DI CHIODINI ROSALIA & C. S.A.S.,GARUE,1885,2010,Sport e tempo libero,45.4607577,9.180225
6361,Negozio storico,Storica attività,MI,MILANO,"CORSO VERCELLI, 16",20145,15146,Gemelli SRL,GEMELLI - ABBIGLIAMENTO,1927,2010,Abbigliamento e accessori,45.4664804,9.1620801
6362,Locale storico,Storica attività,MI,MILANO,"Galleria San Babila, 4/B",20122,15146,gi.rosa srl,GIN ROSA,1931,2010,Bar e tabaccheria,45.4662634,9.1985694
6363,Negozio storico,Storica attività,MI,MILANO,"Via Olmetto, 10",20123,15146,Fortura Giocattoli S.r.l.,FORTURA GIOCATTOLI,1919,2010,Sport e tempo libero,45.4593576,9.1850515
6364,Negozio storico,Storica attività,MI,MILANO,"PIAZZA DEL DUOMO, 19",20121,15146,CIELO S.P.A.,GIOIELLERIA CIELO,1922,2010,Preziosi,45.4647909,9.188876
6365,Negozio storico,Storica attività,MI,MILANO,"Via Ciceri Visconti, 2",20137,15146,Gioielleria Mario Sessa snc,GIOIELLERIA MARIO SESSA DI FABRIZIO SESSA E DANIELA CIARAVOLO,1955,2010,Preziosi,45.4554816,9.2201794
6366,Negozio storico,Storica attività,MI,MILANO,"Via G.C.Passeroni, 1",20135,15146,ditta individuale,CASTELLUCCHIO GOMME,1946,2010,Auto e Moto,45.4497427,9.2053332
6367,Negozio storico,Storica attività,MI,MILANO,"Via Lazzaro Spallanzani, 18",20129,15146,Grancini Roberto Vini S.a.s.,GRANCINI VINI E LIQUORI,1938,2010,Alimentari e specialità alimentari,45.4760463,9.2076638
6371,Negozio storico,Storica attività,MI,MILANO,"Via della Spiga, 52",20121,15146,G. Preattoni di Lorenzo Preattoni & C. S.a.s.,G. PREATTONI,1946,2010,Attrezzature,45.4717014,9.195122
6373,Negozio storico,Storica attività,MI,MILANO,"Via Manzoni, 41",20121,15146,Illulian S.r.l.,ILLULIAN - TAPPETI,1906,2010,Casa e arredamento,45.4714183,9.1939726
6375,Locale storico,Locale storico,MI,MILANO,"Via Fatebenefratelli, 30",20121,15146,La Tavernetta S.a.s. di Niccoli Elio & C.,LA TAVERNETTA DA ELIO,1957,2010,Ristorazione,45.4725981,9.1935158
6376,Negozio storico,Storica attività,MI,MILANO,"Via G. Morone, 3",20121,15146,Lagori Francesco sas,PELLICCERIA LAGORI FRANCESCO DI LAGORI CINZIA E C.,1944,2010,Abbigliamento e accessori,45.4681106,9.1918471
6377,Negozio storico,Storica attività,MI,MILANO,"VIA ANGELO INGANNI, 54",20147,15146,ANTICA CARTOLIBRERIA INGANNI S.R.L.,L 'ANTICA CARTOLIBRERIA DI VIA INGANNI,1955,2010,Cartoleria e libreria,45.4532632,9.1248279
6382,Negozio storico,Storica attività,MI,MILANO,"VIA PANFILO CASTALDI, 32",20124,15146,MISITI LUIGI,PARRUCCHIERE GINO,1900,2010,Cura della persona,45.4760957,9.2041914
6383,Negozio storico,Storica attività,MI,MILANO,"via Santa Raedegonda, 16",20121,15146,Luini S.r.l.,PANZEROTTI LUINI,1888,2010,Alimentari e specialità alimentari,45.4658151,9.1914553
6384,Negozio storico,Storica attività,MI,MILANO,"Via Spallanzani, 6",20129,15146,MACELLERIA EQUINA S.N.C. DI GIORGIO PELLEGRINI,MACELLERIA PELLEGRINI,1949,2010,Alimentari e specialità alimentari,45.4753436,9.2064862
6385,Negozio storico,Storica attività,MI,MILANO,"VIA MAURIZIO GONZAGA, 6",20123,15146,MACRI' ANTONIO,ACCONCIATURE LUI E LEI,1937,2010,Cura della persona,45.4615113,9.1887847
6387,Negozio storico,Storica attività,MI,MILANO,"Piazza Duomo, 21",20121,15146,Maior Stile sas,MAIOR STILE E JOLANDA PICA - MISSONI SPORT,1925,2010,Abbigliamento e accessori,45.4647892,9.189597
6388,Negozio storico,Storica attività,MI,MILANO,"Corso Europa, 18",20122,15146,Margherita S.a.s.,MARGHERITA,1925,2010,Abbigliamento e accessori,45.4648052,9.1971524
6390,Negozio storico,Storica attività,MI,MILANO,"PIAZZALE CADORNA LUIGI, 9",20123,15146,OTTICA MATUELLA ENRICO DI RICCARDO,MATUELLA L'OTTICO DI MILANO,1928,2010,Ottica e fotografia,45.4676762,9.176425
6392,Negozio storico,Storica attività,MI,MILANO,"LARGO AUGUSTO, SNC",20122,15146,MAGNI MAURIZIO,EDICOLA MAURIZIO MAGNI,1914,2010,Cartoleria e libreria,45.4632141,9.19701
6393,Negozio storico,Storica attività,MI,MILANO,"Via Cantu', 3",20123,15146,Mazza Stilografiche sas,MAZZA STILOGRAFICHE,1955,2010,Cartoleria e libreria,45.4640516,9.1868236
6395,Negozio storico,Storica attività,MI,MILANO,"Via Paolo da Cannobio, 2",20122,15146,Milanfisa snc,MILANFISA COLETTA MARIO E FIGLI - STRUMENTI MUSICALI,1950,2010,Sport e tempo libero,45.4620904,9.1910079
6396,Locale storico,Storica attività,MI,MILANO,"PIAZZA MISSORI, 3",20123,15146,Mic.Edo srl,BAR MISSORI,1949,2010,Bar e tabaccheria,45.46091,9.18866
6397,Negozio storico,Storica attività,MI,MILANO,"CORSO GARIBALDI, 123",20154,15146,Moroni Gomma S.r.l.,MORONI GOMMA,1919,2010,Casa e arredamento,45.46796,9.18178
6398,Negozio storico,Storica attività,MI,MILANO,"Via Dogana, 3",20123,15146,Orologeria Luigi Verga S.p.a.,OROLOGERIA LUIGI VERGA,1947,2010,Preziosi,45.4632275,9.1888059
6402,Negozio storico,Storica attività,MI,MILANO,"Via Palladio, 2",20135,15146,Antico Forno srl,PANIFICIO LORENZO BELVERATO,1925,2010,Alimentari e specialità alimentari,45.4484141,9.197799
6403,Negozio storico,Storica attività,MI,MILANO,"Via Paulucci de Calboli, 3",20162,15146,ditta individuale,PANIFICIO CELLA ANTONIO,1925,2010,Alimentari e specialità alimentari,45.5157097,9.1921753
6404,Negozio storico,Storica attività,MI,MILANO,"CORSO DI PORTA VIGENTINA, 30",20122,15146,DI RENZO ALBERTO,PANIFICIO CIMNAGHI DI ALBERTO DI RENZO,1952,2010,Alimentari e specialità alimentari,45.4539352,9.1958773
6405,Negozio storico,Storica attività,MI,MILANO,"VLE UMBRIA, 66",20135,15146,VIETRI LEONARDO,PANIFICIO,1952,2010,Alimentari e specialità alimentari,45.4551295,9.2166012
6407,Negozio storico,Storica attività,MI,MILANO,"Via Cappuccio, 22",20123,15146,Panificio Pasticceria Lia S.n.c. di Silini Lia & C.,PANIFICIO PASTICCERIA LIA,1907,2010,Alimentari e specialità alimentari,45.4638631,9.1794251
6408,Negozio storico,Storica attività,MI,MILANO,"via Luigi Settembrini , 41",20124,15146,Panificio Piazza sas,PANIFICIO PIAZZA,1940,2010,Alimentari e specialità alimentari,45.484067,9.208242
6409,Negozio storico,Negozio storico,MI,MILANO,"Via Spadari, 9",20123,15146,Peck S.p.a.,PECK,1883,2010,Alimentari e specialità alimentari,45.4635405,9.1869822
6410,Negozio storico,Storica attività,MI,MILANO,"CORSO P.TA VIGENTINA, 38",20122,15146,fFatelli Sanvito di Sanvito Renato e c. snc,"FRATELLI SANVITO - PELLAMI, CUOIO",1938,2010,Abbigliamento e accessori,45.4533643,9.1960278
6412,Negozio storico,Negozio storico,MI,MILANO,"via hugo victor, 3",20123,15146,Pescheria Spadari srl,PREMIATA PESCHERIA SPADARI,1933,2010,Alimentari e specialità alimentari,45.4637761,9.1872658
6413,Negozio storico,Storica attività,MI,MILANO,"VIA BARTOLOMEO EUSTACHI, 8",20129,15146,PINUCCIA S.A.S. DI CORCELLA ANTONIETTA & C.,PINUCCIA PARRUCCHIERE PER SIGNORA,1954,2010,Cura della persona,45.4742092,9.2149412
6414,Negozio storico,Storica attività,MI,MILANO,"PIAZZA OBERDAN, 2",20129,15146,ditta individuale,IL PANIFICIO DI PESCE CARMELA,1925,2010,Alimentari e specialità alimentari,45.4739427,9.2061519
6415,Negozio storico,Storica attività,MI,MILANO,"CORSO DI PORTA ROMANA, 94",20122,15146,Polli S.n.c. di Andrea ed Ezio Polli,L'ARROTINO COLTELLINAIO DI PORTA ROMANA,1890,2010,Attrezzature,45.4556426,9.1963258
6416,Negozio storico,Storica attività,MI,MILANO,"Via Parmigianino, 11",20148,15146,ditta individuale,CARTOLERIA PRANDELLI,1950,2010,Cartoleria e libreria,45.4667069,9.1475934
6417,Locale storico,Storica attività,MI,MILANO,"VIA TARAMELLI, 70",20124,15146,A' RICCIONE S.R.L.,RISTORANTE A' RICCIONE,1955,2010,Ristorazione,45.4943879,9.1959234
6418,Negozio storico,Storica attività,MI,MILANO,"Via Giambellino, 150",20147,15146,Ragusa snc,MERCERIA RAGUSA,1950,2010,Merceria,45.4449765,9.1305714
6419,Negozio storico,Storica attività,MI,MILANO,"VIA BAGUTTA, 1",20121,15146,RE OTTAVIO DI COLETTO SERGIO,OTTAVIO RE DI COLETTO,1935,2010,Abbigliamento e accessori,45.4673339,9.1969187
6420,Negozio storico,Storica attività,MI,MILANO,"Via Sansovino, 27",20133,15146,Cuoccio AntichitÃ  sas,CUOCCIO GIUSEPPE RESTAURI ANTICHITA',1954,2010,Casa e arredamento,45.4792447,9.2205386
6423,Negozio storico,Storica attività,MI,MILANO,"PIAZZA MORSELLI, 3",20154,15146,ditta individuale,RIVOLA RASOI ELETTRICI,1926,2010,Casa e arredamento,45.4787469,9.1746971
6424,Negozio storico,Storica attività,MI,MILANO,"Piazza Duomo, 21",20121,15146,Ruggeri Abbigliamento S.a.s. di A. Ruggeri & C.,RUGGERI - ABBIGLIAMENTO,1936,2010,Abbigliamento e accessori,45.4647892,9.189597
6425,Negozio storico,Storica attività,MI,MILANO,"Via Dogana, 4",20122,15146,ditta individuale,SALONE 900,1911,2010,Abbigliamento e accessori,45.4633448,9.1887344
6427,Negozio storico,Storica attività,MI,MILANO,"Via Vigna, 5",20123,15146,Salumeria Lia S.n.c.,SALUMERIA LIA,1907,2010,Alimentari e specialità alimentari,45.4639869,9.1795639
6428,Negozio storico,Storica attività,MI,MILANO,"VIA CORRENTI CESARE, 19",20123,15146,SCHIAVIO E BOLZANI S.N.C. DI ROBBA GABRIELE  &  C.,SCHIAVIO E BOLZANI,1920,2010,Attrezzature,45.4592788,9.1789731
6430,Locale storico,Storica attività,MI,MILANO,"VIALE SARCA, 187",20126,15146,Stipiti Luciano Ruggerino e c. snc,TRATTORIA TOSCANA DA ALDO,1950,2010,Ristorazione,45.5163537,9.2089146
6431,Negozio storico,Storica attività,MI,MILANO,"Via Santa Sofia, 1",20122,15146,Boscani Nova sas,BOSCANI NOVA - TENDE IN LEGNO E TAPPETI,1904,2010,Casa e arredamento,45.4573053,9.1930118
6432,Negozio storico,Storica attività,MI,MILANO,"Via Bagutta, 9",20121,15146,ditta individuale,OLD AMERICA - ANTIQUARI,1954,2010,Casa e arredamento,45.4677003,9.1964449
6433,Negozio storico,Storica attività,MI,MILANO,"CORSO PORTA TICINESE, 18",20123,15146,ditta individuale,FRATELLI BERNASCONI,1890,2010,Miscellanea,45.4586228,9.1809561
6434,Negozio storico,Storica attività,MI,MILANO,"Via Pacini, 24",20131,15146,Tisci S.n.c.,TISCI PELLICCERIA,1949,2010,Abbigliamento e accessori,45.4818478,9.2285919
6435,Locale storico,Storica attività,MI,MILANO,"Via Piero della Francesca, 8",20154,15146,ditta individuale,TORREFAZIONE MOKA HODEIDAH,1946,2010,Bar e tabaccheria,45.4823558,9.1670577
6436,Negozio storico,Storica attività,MI,MILANO,"Via Mercato, 5",20121,15146,ditta individuale,TORRIANI,1943,2010,Miscellanea,45.4717631,9.1838259
6437,Locale storico,Storica attività,MI,MILANO,"Via S. Marta, 11",20123,15146,Trattoria Milanese S.a.s.,TRATTORIA MILANESE,1918,2010,Ristorazione,45.4630665,9.1837293
6438,Locale storico,Storica attività,MI,MILANO,"Via Padova, 344",20132,15146,Novelli Giuseppe e Carla snc,TRATTORIA NOVELLI,1927,2010,Ristorazione,45.5111259,9.254397
6439,Locale storico,Storica attività,MI,MILANO,"Via Fiori Chiari, 21/5",20121,15146,Trattoria Torre Di Pisa S.r.l.,TRATTORIA TORRE DI PISA,1951,2010,Ristorazione,45.471789,9.1846851
6440,Negozio storico,Storica attività,MI,MILANO,"VIA CORRENTI CESARE, 2",20123,15146,TUTTO PER LO SPORT POLARE S.R.L.,TUTTO PER LO SPORT,1926,2010,Abbigliamento e accessori,45.4600936,9.1806282
6442,Negozio storico,Storica attività,MI,MILANO,"Via Annibale Caretta , 2",20131,15146,Valigeria Canevari di Pierluigi Peviani e C. s.n.c.,VALIGERIA CANEVARI,1930,2010,Abbigliamento e accessori,45.48495977,9.21551318
6443,Locale storico,Storica attività,MI,MILANO,"VIALE MONZA, 222",20100,15146,Viel S.a.s. di Viel Domenico,VIEL,1948,2010,"Gelaterie, pasticcerie e torrefazioni",45.5121105,9.2247442
6444,Negozio storico,Storica attività,MI,MILANO,"Via Gonzaga, 5",20121,15146,Viganò Alta Moda S.r.l.,VIGANÒ,1919,2010,Sport e tempo libero,45.4614965,9.1891749
6445,Negozio storico,Storica attività,MI,MILANO,"Via P. Da Cannobio, 39",20122,15146,Viganò Alta Moda S.r.l.,VIGANÒ,1919,2010,Sport e tempo libero,45.4604403,9.1892284
6446,Negozio storico,Storica attività,MI,MILANO,"Via Montevideo, 8",20144,15146,Vigano' Pietro srl,VIGANÒ PIETRO FERRAMENTA,1927,2010,Casa e arredamento,45.4557498,9.1664473
6447,Negozio storico,Storica attività,MI,MILANO,"Via Manzoni, 23",20121,15146,Giuseppe Villa srl,VILLA GIOIELLERIA,1876,2010,Preziosi,45.4696326,9.1921936
6448,Negozio storico,Storica attività,MI,MILANO,"Via Spartaco, 31",20135,15146,Vismoto snc,VISMOTO,1919,2010,Auto e Moto,45.4581473,9.2120706
6681,Negozio storico,Storica attività,MI,MILANO,"VIA PIETRO VERRI, 10",20121,15146,LARUS RE S.R.L.,LARUSMIANI,1929,2010,Abbigliamento e accessori,45.4679596,9.1950692
6685,Negozio storico,Storica attività,MI,MILANO,"Corso Venezia ang. via Senato, 2",20121,15146,Farmacia Brera Porati S.a.s. del Dott. Cesare Fradegrada & C.,FARMACIA BRERA PORATI,1835,2010,Salute e benessere,45.46796,9.18178
6744,Locale storico,Storica attività,MI,MILANO,"LARGO MARIA CALLAS, 1",20121,15146,Ristorante 4 Mori s.r.l.,RISTORANTE QUATTRO MORI,1949,2010,Ristorazione,45.4674327,9.1811896
6746,Locale storico,Locale storico,MI,MILANO,"Via Ugo Foscolo, 3",20121,15146,Biffi Duomo s.r.l.,BIFFI,1867,2010,Ristorazione,45.4653475,9.1906704
6747,Negozio storico,Storica attività,MI,MILANO,"Via Zebedia, 9",20123,15146,ditta individuale,COPISTERIA DORIGONI,1933,2010,Cartoleria e libreria,45.460697,9.1868795
6748,Negozio storico,Storica attività,MI,MILANO,"CORSO GARIBALDI, 116",20121,15146,ditta individuale,DECIO DAL 1929,1929,2010,Abbigliamento e accessori,45.4799503,9.1866281
6749,Negozio storico,Storica attività,MI,MILANO,"VIa Gonzaga, 5",20123,15146,Ronchi Oreficeria Orologeria srl,GIOIELLERIA RONCHI,1929,2010,Preziosi,45.4614965,9.1891749
6751,Negozio storico,Negozio storico,MI,MILANO,"Galleria Vittorio Emanuele II, 68",20121,15146,Mejana Giovanni di Scapecchi Giorgio & C. S.N.C.,MEJANA,1911,2010,Casa e arredamento,45.46574,9.18981
6754,Locale storico,Storica attività,MI,MILANO,"CORSO DI PORTA VIGENTINA, 10",20122,15146,SCARINGI S.R.L.,PASTICCERIA PARADISO,1949,2010,"Gelaterie, pasticcerie e torrefazioni",45.4553932,9.195548
6758,Negozio storico,Storica attività,MI,MILANO,"Via P. Sarpi, 62",20154,15146,LORENZI S.A.S. DI LAURA RUSSO,B.LORENZI DI ILDE E LUCIA - PROFUMERIA,1908,2010,Cura della persona,45.4810317,9.1705675
6760,Negozio storico,Storica attività,MI,MILANO,"Viale Lancetti, 34",20158,15146,De Giovanni Argenteria srl,DE GIOVANNI ARGENTERIA,1956,2010,Preziosi,45.4952972,9.1750463
6761,Negozio storico,Storica attività,MI,MILANO,"CORSO MAGENTA, 25",20123,15146,E.E. Ercolessi di Paola Anna Maggi e C. sas,E.E. ERCOLESSI,1921,2010,Cartoleria e libreria,45.4658583,9.1774001
6762,Negozio storico,Storica attività,MI,MILANO,"CORSO BUENOS AIRES, 55",20124,15146,Farm. Marinoni della D.sa Marinoni & C. snc,FARMACIA DOTT. MARINONI,1901,2010,Salute e benessere,45.4821725,9.212561
6764,Negozio storico,Storica attività,MI,MILANO,"Via Amatore Sciesa, 2",20122,15146,Frutteto Viel s.a.s. di Viel Paolo & C.,FRUTTETO VIEL,1955,2010,Alimentari e specialità alimentari,45.4617968,9.2094061
6765,Negozio storico,Storica attività,MI,MILANO,"PIAZZA LIMA, 3",20124,15146,Gioielleria del Corso srl,GIOIELLERIA DEL CORSO,1958,2010,Preziosi,45.4806042,9.2110033
6766,Negozio storico,Storica attività,MI,MILANO,"VIA RIPAMONTI, 3/A",20136,15146,ditta individuale,GIOIELLERIA ZINGARO,1952,2010,Preziosi,45.4513251,9.1968438
6768,Negozio storico,Storica attività,MI,MILANO,"CORSO ITALIA, 6",20122,15146,La Bottega del Timbro srl,LA BOTTEGA DEL TIMBRO,1929,2010,Cartoleria e libreria,45.4599615,9.1879374
6769,Negozio storico,Storica attività,MI,MILANO,"Alzaia Naviglio Grande, 58",20144,15146,Martin Luciano e Figli snc,MARTIN LUCIANO E FIGLI - ABBIGLIAMENTO,1938,2010,Abbigliamento e accessori,45.4510062,9.1704112
6770,Locale storico,Storica attività,MI,MILANO,"VIALE MONZA, 91",20125,15146,PASTICCERIA GIOVA & C 1930 S.R.L.,PASTICCERIA G. COVA & C.,1930,2010,"Gelaterie, pasticcerie e torrefazioni",45.4955307,9.2193357
6771,Locale storico,Storica attività,MI,MILANO,"VIA GONZAGA, 6",20123,15146,Ristorante da Bruno sas,RISTORANTE DA BRUNO,1939,2010,Ristorazione,45.4615113,9.1887847
6772,Locale storico,Storica attività,MI,MILANO,"Via Gallarate, 92",20151,15146,La Pobbia snc,RISTORANTE LA POBBIA,1850,2010,Ristorazione,45.4961653,9.1346391
6774,Negozio storico,Storica attività,MI,MILANO,"PIAZZA DUOMO, 21",20121,15146,Grimoldi srl,OROLOGERIA IN MILANO GRIMOLDI,1889,2010,Preziosi,45.4647892,9.189597
6855,Negozio storico,Storica attività,MI,MILANO,"Piazzale Medaglie d'Oro, 3",20135,15146,La Tramite S.r.l.,LIBRERIA LA TRAMITE,1946,2010,Cartoleria e libreria,45.452178,9.2030868
6900,Negozio storico,Storica attività,MI,MILANO,"VIA SCHIAPPARELLI, 4",20125,15146,G.I.L.S. di Serena Massaini & C. Sas,GIOIELLERIA MASSAINI DAL 1956,1957,2010,Preziosi,45.4895744,9.205393
6905,Negozio storico,Storica attività,MI,MILANO,"Viale Certosa, 21",20149,15146,FRATELLI GALBIATI S.R.L.,GALBIATI ARREDA,1951,2010,Casa e arredamento,45.4893175,9.1527155
6912,Negozio storico,Storica attività,MI,MILANO,"VIA DOLCI, 26",20148,15146,CAVANNA PAOLA di CAVANNA & C. SNC,OROLOGERIA CAVANNA,1956,2010,Preziosi,45.4732232,9.1418476
6956,Negozio storico,Storica attività,MI,MILANO,"Via Rovello, 18",20121,15146,Zanda snc,ZANDA SERRATURE DI SICUREZZA,1911,2010,Attrezzature,45.4682557,9.1840376
6958,Locale storico,Storica attività,MI,MILANO,"Galleria del Corso, 1",20122,15146,Esercizio Le Tre Gazzelle srl,LE TRE GAZZELLE,1954,2010,"Gelaterie, pasticcerie e torrefazioni",45.4648815,9.1952206
6959,Negozio storico,Storica attività,MI,MILANO,"Via Manzoni, 11",20121,15146,Frette S.r.l.,BIANCHERIA PER LA CASA FRETTE,1877,2010,Casa e arredamento,45.46875993,9.19135427
6960,Negozio storico,Storica attività,MI,MILANO,"Via Savona, 23",20144,15146,Fratelli Mai snc,SALUMERIA ROSTICCERIA FRATELLI MAI,1943,2010,Alimentari e specialità alimentari,45.4549954,9.1669991
6961,Negozio storico,Storica attività,MI,MILANO,"Via Zebedia, 2",20123,15146,FUSAGLIA DI FUSAGLIA LUCA E ANDREA S.N.C.,"FUSAGLIA - DAL 1910 CHIAVI, SERRATURE, CASSEFORTI",1910,2010,Attrezzature,45.4608081,9.1874854
6962,Negozio storico,Storica attività,MI,MILANO,"Via Ponte Seveso, 19",20125,15146,Foto / Ottica snc di Valsecchi Giancarlo & C.,OTTICA VALSECCHI,1928,2010,Ottica e fotografia,45.4889695,9.2040566
6963,Locale storico,Storica attività,MI,MILANO,"Viale Zara, 87",20159,15146,Ditta individuale,"RISTORANTE ""LA VILLETTA""",1936,2010,Ristorazione,45.4968089,9.194757
6965,Negozio storico,Storica attività,MI,MILANO,"Via Sarpi, 63",20154,15146,Ottica Scaccabarozzi snc,OTTICA SCACCABAROZZI,1927,2010,Ottica e fotografia,45.4809176,9.1707654
6966,Negozio storico,Storica attività,MI,MILANO,"Via Canonica, 89",20154,15146,Cartoleria Colombo di A. Colombo & C. snc,CARTOLERIA COLOMBO,1953,2010,Cartoleria e libreria,45.4812666,9.1691039
6967,Negozio storico,Storica attività,MI,MILANO,"Via Sarpi, 62",20154,15146,Rossi 2003 srl,OROLOGERIA ROSSI,1936,2010,Preziosi,45.4810317,9.1705675
6968,Negozio storico,Storica attività,MI,MILANO,"Viale Sauro Nazario, 9",20124,15146,ditta individuale,PANIFICIO POTENZA,1938,2010,Alimentari e specialità alimentari,45.4918052,9.1951824
6969,Negozio storico,Storica attività,MI,MILANO,"Via Sarpi, 3",20154,15146,ditta individuale,MAGAZZINI VITTORIA,1938,2010,Abbigliamento e accessori,45.4817147,9.180545
6970,Negozio storico,Storica attività,MI,MILANO,"Via Canonica, 87",20154,15146,ditta individuale,MAGLIERIA PISATI,1928,2010,Abbigliamento e accessori,45.4811887,9.1692675
6971,Locale storico,Storica attività,MI,MILANO,"Piazza Mercanti, 17",20123,15146,Ristorante al Mercante sas di Romanini Corrado & C.,RISTORANTE AL MERCANTE,1919,2010,Ristorazione,45.46475,9.18728
6972,Negozio storico,Storica attività,MI,MILANO,"Via Asti, 12",20149,15146,Sintolvox srl,"SINTOLVOX RADIO,TV, PARTI STACCATE",1954,2010,Attrezzature,45.4664839,9.1529535
6973,Negozio storico,Storica attività,MI,MILANO,"Piazza Duomo, 19",20121,15146,Verga srl,GIOIELLI OROLOGI E ARGENTI VERGA,1880,2010,Preziosi,45.4647909,9.188876
6974,Negozio storico,Storica attività,MI,MILANO,"Via San Calimero, 1",20122,15146,Gloria s.r.l.,ANTICA FARMACIA FOGLIA,1835,2010,Salute e benessere,45.4573984,9.1933188
6976,Negozio storico,Storica attività,MI,MILANO,"Via Solari, 3",20144,15146,Sanguinetti di Oscar Sanguinetti & C. sas,SANGUINETTI FRANCOBOLLI,1906,2010,Sport e tempo libero,45.4568127,9.1682398
6977,Negozio storico,Storica attività,MI,MILANO,"VIA MONTEGANI LUDOVICO, 66",20141,15146,PANIFICIO ROBERTO DI GELMINI ROBERTO,ANTICO FORNO GELMINI,1903,2010,Alimentari e specialità alimentari,45.4321252,9.1775135
7001,Locale storico,Locale storico,MI,MILANO,"VIA MANZONI, 12/A",20121,15146,DON LISANDER S.R.L.,RISTORANTE DON LISANDER,1947,2010,Ristorazione,45.4688609,9.1915608
7002,Locale storico,Locale storico,MI,MILANO,"Via Carducci, 13",20123,15146,Il Magenta srl,BAR MAGENTA,1907,2010,Bar e tabaccheria,45.4655227,9.1755451
7038,Negozio storico,Storica attività,MI,MILANO,"Piazza Venticinque Aprile , 12",20124,15146,Ottica Artioli s.r.l.,OTTICA ARTIOLI,1953,2010,Ottica e fotografia,45.4809791,9.1875606
7042,Locale storico,Storica attività,MI,MILANO,"Via Tortona, 19",20144,15146,Osteria Il Giardinetto S.n.c. di Roffi Antonino & C.,OSTERIA IL GIARDINETTO,1949,2010,Ristorazione,45.4529395,9.1667049
7104,Negozio storico,Storica attività,MI,MILANO,"Piazza San Nazaro, 15",20122,15146,Casalinghi Fornaro di Stefano Fornaro & C. S.n.c.,CASALINGHI FORNARO,1945,2011,Casa e arredamento,45.45817,9.19302
7144,Negozio storico,Storica attività,MI,MILANO,"VIA BORGOSPESSO RECAPITO POSTALE VIA ROSSARI 5, 22",20121,15146,SCHREIBER GIOIELLI DI SCHREIBER FRANCO E C. SAS,SCHREIBER GIOIELLI,1947,2011,Preziosi,45.46796,9.18178
7184,Negozio storico,Negozio storico,MI,MILANO,"VIALE CAMPANIA , 30",20133,15146,IL GIOIELLO SRL,IL GIOIELLO CREPERIO C.E.,1957,2011,Preziosi,45.465076,9.2242046
7185,Negozio storico,Storica attività,MI,MILANO,"Via Mazzini, 2",20123,15146,Colombo Elena,E.S. IL BELLO DELL'INTIMO,1951,2012,Abbigliamento e accessori,45.463401,9.1883893
7186,Negozio storico,Insegna storica e di tradizione top,MI,MILANO,"CORSO BUENON AIRES, 05",20124,15146,Mutinelli di Matteo Giulio Mutinelli e C. S.A.S.,MUTINELLI - CASA FONDATA 1888,1888,2012,Abbigliamento e accessori,45.4759932,9.2063056
7188,Locale storico,Storica attività,MI,MILANO,"CORSO COMO, 6",20154,15146,Altopascio 1 S.R.L.,PIZZERIA DI PORTA GARIBALDI,1956,2012,Ristorazione,45.4815798,9.1873446
7189,Negozio storico,Storica attività,MI,MILANO,"Via Dogana, 2",20123,15146,Laluna s.n.c. di Bruno Roberto Benedetto & C.,LALUNA - ABBIGLIAMENTO,1951,2012,Abbigliamento e accessori,45.4633435,9.1891112
7191,Negozio storico,Storica attività,MI,MILANO,"Via.le Certosa, 20/22",20155,15146,PADDOCK S.A.S. DI FRANCHI MASSIMO & C.,LA BOUTIQUE DEL PNEUMATICO,1958,2012,Auto e Moto,45.4897466,9.1527505
7192,Negozio storico,Storica attività,MI,MILANO,"VIA MUSSI, 16",20154,15146,PASTICCERIA GRECCHI DI GRECCHI ANTONIO,PASTICCERIA GRECCHI LUIGI,1960,2012,"Gelaterie, pasticcerie e torrefazioni",45.4823658,9.1665188
7193,Locale storico,Storica attività,MI,MILANO,"Via Dei Tulipani, 18",20146,15146,Pasticceria Castelnuovo di Francesco Castelnuovo e C. s.n.c.,FABBRICA PASTICCERIA CASTELNUOVO,1956,2012,"Gelaterie, pasticcerie e torrefazioni",45.4499694,9.1376256
7194,Negozio storico,Storica attività,MI,MILANO,"Viale Tibaldi, 3",20136,15146,Pasini s.a.s. di Juna Michela Pasini & C.,PASINI 1922 MILANO,1922,2012,Miscellanea,45.4438203,9.1772412
7195,Negozio storico,Storica attività,MI,MILANO,"GALLERIA VITTORIO EMANUELE II, 79",20121,15146,MONDADORI RETAIL S.P.A.,LIBRERIA RIZZOLI GALLERIA,1949,2012,Cartoleria e libreria,45.46621,9.1899
7200,Negozio storico,Storica attività,MI,MILANO,"Via Montenapoleone, 8",20121,15146,Red and Blue S.R.L.,RED AND BLUE,1948,2012,Abbigliamento e accessori,45.4678896,9.19573
7203,Locale storico,Storica attività,MI,MILANO,"VIA ARNOLFO DI CAMBIO, 1/A",20154,15146,CANTINE ISOLA S.A.S. DI LUCA SARAIS & C.,CANTINE ISOLA,1937,2012,Bar e tabaccheria,45.4816397,9.176433
7204,Negozio storico,Storica attività,MI,MILANO,"PIAZZALE CANTORE ANTONIO, 5",20123,15146,PANIFICIO ROMAGNOLI F. & C. S.A.S.,PASTICCERIA PANIFICIO TROIAN,1913,2012,Alimentari e specialità alimentari,45.4554386,9.1744884
7206,Negozio storico,Storica attività,MI,MILANO,"VIA BELFIORE, 14",20145,15146,CASALINGHI MAMBRIANI DAL 1920 S.N.C. DI VERTEMATI ALFREDO E C.,MAMBRIANI CASALINGHI,1920,2012,Casa e arredamento,45.4675906,9.1578301
7207,Negozio storico,Storica attività,MI,MILANO,"Via San Maurilio, 8",20123,15146,Forniture orologerie San Maurilio s.r.l.,FORNITURE PER OROLOGERIE SAN MAURILIO,1932,2012,Preziosi,45.4618633,9.1846759
7209,Negozio storico,Storica attività,MI,MILANO,"Foro Buonaparte, 53",20121,15146,Forobonaparte s.r.l.,BUFFETTI,1852,2012,Cartoleria e libreria,45.4680242,9.1783235
7212,Locale storico,Storica attività,MI,MILANO,"Via Paolo Sarpi, 60",20154,15146,Gestioni AttivitÃ  Commerciali S.r.l.,PIZZERIA DA GIULIANO,1923,2012,Bar e tabaccheria,45.4810619,9.170935
7214,Negozio storico,Storica attività,MI,MILANO,"VIA LUIGI CANONICA, 81",20154,15146,DOLDI ALESSANDRO,ALESSANDRO DOLDI - CALZATURE,1960,2012,Abbigliamento e accessori,45.4807699,9.170191
7215,Negozio storico,Storica attività,MI,MILANO,"CORSO  MATTEOTTI, 8",20121,15146,Finart di Elena Ferrofino,FINART,1957,2012,Sport e tempo libero,45.4668627,9.1946158
7216,Negozio storico,Storica attività,MI,MILANO,"Via Paolo Sarpi, 11",20154,15146,Mantellato S.R.L.,"MANTELLATO OREFICERIA, ARGENTERIA, OROLOGERIA",1938,2012,Preziosi,45.4815931,9.179267
7217,Negozio storico,Storica attività,MI,MILANO,"Via Pola, 19",20124,15146,Tresoldi Elena,POLA TABACCHI,1938,2012,Bar e tabaccheria,45.4891121,9.1925593
7218,Negozio storico,Storica attività,MI,MILANO,"Via Canonica, 72",20154,15146,Cartografica Lombarda di Scotti Alfredo e C. S.n.c.,CARTOLERIA LIBRERIA SCOTTI,1946,2012,Cartoleria e libreria,45.4804589,9.1712668
7219,Locale storico,Storica attività,MI,MILANO,"Via Pisacane, 40",20129,15146,Trattoria Bianucci S.A.S. di Bianucci fausto Fabrizio & C.,MANGIAFUOCO BRACERIE,1951,2012,Ristorazione,45.4733112,9.2112588
7223,Locale storico,Storica attività,MI,MILANO,"VIA PAOLO LOMAZZO, 6",20154,15146,BERNI S.R.L.,BERNI PANE PASTICCERIA BAR,1956,2015,Ristorazione,45.4812584,9.1730894
7225,Negozio storico,Storica attività,MI,MILANO,"VIALE GABRIELE D'ANNUNZIO, 9",20123,15146,RIMOLDI PIETRO,RIMOLDI OTTICO IN MILANO,1932,2015,Ottica e fotografia,45.454572,9.1755669
7226,Negozio storico,Storica attività,MI,MILANO,"VIA PONTE SEVESO, 19",20125,15146,CATTANEO MAURIZIO,PASTA FRESCA E GRANAGLIE,1931,2015,Alimentari e specialità alimentari,45.4889695,9.2040566
7227,Negozio storico,Negozio storico,MI,MILANO,"CORSO VENEZIA, 37",20121,15146,LOFFREDO GRAFICHE COMMERCIALE - S.R.L.,CARTOLERIA VENEZIA,1936,2015,Cartoleria e libreria,45.470274,9.2005114
7228,Locale storico,Storica attività,MI,MILANO,"CORSO VENEZIA, 31",20121,15146,AL GIRARROSTO DI MILANO S.R.L.,RISTORANTE AL GIRARROSTO DA CESARINA,1949,2015,Ristorazione,45.469639,9.199864
7229,Negozio storico,Storica attività,MI,MILANO,"VIA GIUSEPPE MAZZINI, 8",20123,15146,FUGAZZI MARIO S.N.C. DI MARIO E ANTONIO FUGAZZI,GIOIELLERIA MARIO FUGAZZI,1914,2015,Preziosi,45.4630398,9.188385
7231,Locale storico,Locale storico,MI,MILANO,"VIA AMEDEI, 1",20123,15146,ACP S.R.L.,ALLA COLLINA PISTOIESE,1938,2015,Ristorazione,45.4603296,9.1864446
7232,Locale storico,Storica attività,MI,MILANO,"VIA DOGANA, 3",20123,15146,CHIOVETTA DAVIDE,BAR MERCURIO,1927,2015,Bar e tabaccheria,45.4632275,9.1888059
7233,Negozio storico,Storica attività,MI,MILANO,"Corso Garibaldi, 89",20121,15146,Fumagalli Adolfo,MODA TORINESE - FUMAGALLI,1933,2012,Abbigliamento e accessori,45.4767367,9.1840868
7234,Negozio storico,Storica attività,MI,MILANO,"Via Giovanni Battista Niccolini, 2",20154,15146,Sala del Cane di Paro Viviana,SALA DEL CANE,1958,2011,Sport e tempo libero,45.4793789,9.1776141
7235,Locale storico,Storica attività,MI,MILANO,"VIA GIUSTI GIUSEPPE, 14",20154,15146,TIAN JUN,TRATTORIA LA VENETA,1938,2011,Ristorazione,45.4802262,9.177117
7237,Negozio storico,Storica attività,MI,MILANO,"Corso Buenos Aires, 53",20124,15146,La Stilografica S.r.l.,LA STILOGRAFICA - PENNE TIMBRI E TARGHE,1926,2011,Cartoleria e libreria,45.4819375,9.2123324
7278,Locale storico,Storica attività,MI,MILANO,"Via Tommaso Marino, 7",20121,15146,Auripa S.a.s. di Bonomo Paolo & C.,RISTORANTE PAPÀ FRANCESCO,1946,2012,Ristorazione,45.4663829,9.1902739
7280,Negozio storico,Storica attività,MI,MILANO,"Via Fabio Filzi, 41",20124,15146,Parolini Mariangela,CARTOLERIA PAROLINI,1949,2012,Cartoleria e libreria,45.4877682,9.202765
7301,Negozio storico,Storica attività,MI,MILANO,"viale Brenta, 7",20139,15146,OTTICA BUSETTI S.A.S. DI BUSETTI LAURA,OTTICO OPTOMETRISTA BUSETTI,1959,2013,Ottica e fotografia,45.4413439,9.2152821
7310,Locale storico,Storica attività,MI,MILANO,"VIA FOSCOLO UGO, 3",20121,15146,AUTOGRILL ITALIA S.P.A.,MOTTA,1928,2013,Bar e tabaccheria,45.4653475,9.1906704
7311,Locale storico,Storica attività,MI,MILANO,"corso Genova, 1",20123,15146,PASTICCERIA CUCCHI S.R.L.,PASTICCERIA CUCCHI,1934,2013,Ristorazione,45.4583525,9.177417
7312,Locale storico,Storica attività,MI,MILANO,"via Ajaccio, 13",20133,15146,PASTICCERIA MIGLIAVACCA S.N.C.,PASTICCERIA MIGLIAVACCA ALBERTO,1958,2013,Ristorazione,45.4704274,9.2349123
7313,Locale storico,Storica attività,MI,MILANO,"VIA SANTA CROCE, 2",20122,15146,HU YONG GUI MATTEO,CAFFÈ E TABACCHI MOLINO DELLE ARMI,1936,2013,Bar e tabaccheria,45.4565889,9.1834425
7314,Locale storico,Storica attività,MI,MILANO,"via Thaon di Revel, 10",20159,15146,AL TRONCO S.A.S. DI ZINI ALFREDO & C,RISTORANTE AL TRONCO,1933,2013,Ristorazione,45.4921113,9.1888796
7315,Negozio storico,Storica attività,MI,MILANO,"viale Caldara Emilio, 20",20122,15146,FOTOMATERIALE S.A.S. DI SOLAROLO GIOVANNI & C.,FOTOMATERIALE,1960,2013,Ottica e fotografia,45.4544781,9.2033857
7346,Negozio storico,Storica attività,MI,MILANO,"viale Affori, 19",20161,15146,ARREDAMENTI ALLA VILLA LITTA DI GATTI GIUSEPPE,"G.A. GATTI - ARREDAMENTI ""ALLA VILLA LITTA""",1964,2014,Casa e arredamento,45.5168322,9.1690759
7347,Negozio storico,Storica attività,MI,MILANO,"piazza Luigi di Savoia, 2",20124,15146,GIGLIO ROSSO S.A.S. DI ENRICO FONTANELLI & C.,RISTORANTE GIGLIO ROSSO,1953,2014,Ristorazione,45.4844949,9.2055383
7353,Negozio storico,Storica attività,MI,MILANO,"viale Monza, 61",20125,15146,CARTOLERIA GAMBARDELLA S.R.L.,CARTOLERIA GAMBARDELLA,1951,2014,Cartoleria e libreria,45.4927143,9.2184838
7361,Negozio storico,Storica attività,MI,MILANO,"PIAZZALE LUIGI EMANUELE CORVETTO, 1",20139,15146,STADLER S.R.L.,STADLER GIOIELLERIA,1952,2014,Preziosi,45.4404606,9.2237947
7362,Negozio storico,Storica attività,MI,MILANO,"VIA FRANCESCO CHERUBINI, 3",20145,15146,BUZZO GIOIELLI DI BUZZO CINZIA MARIA,BUZZO GIOIELLI,1961,2014,Preziosi,45.4670803,9.1591583
7364,Negozio storico,Storica attività,MI,MILANO,"VIA ALFONSO LAMARMORA, 31",20122,15146,"BELLONI & C. S.N.C. DI ATTILIO, FRANCESCO E LUISA BELLONI",GIOIELLERIA BELLONI,1955,2014,Preziosi,45.4574164,9.2037531
7365,Negozio storico,Storica attività,MI,MILANO,"VIA ROMBON, 33",20134,15146,BRUNETTI FRATELLI DI BRUNETTI PAOLO E C. - S.A.S.,GIOIELLERIA BRUNETTI,1925,2014,Preziosi,45.4864372,9.241198
7366,Negozio storico,Storica attività,MI,MILANO,"VIALE TUNISIA, 25",20124,15146,MOSELE S.R.L.,MOSELE GIOIELLERIA,1957,2014,Preziosi,45.4783759,9.2028171
7412,Negozio storico,Storica attività,MI,MILANO,"VIA PADOVA, 157",20127,15146,LANFRANCHI ANGELO CARLO,ANGELO LANFRANCHI DAL 1961,1961,2015,Auto e Moto,45.5003888,9.2353928
7413,Negozio storico,Storica attività,MI,MILANO,"RIPA DI PORTA TICINESE, 27",20143,15146,OTTICA DEGANI DI VALLE' ALVARO E DEGANI ALBA S.N.C.,OTTICA DEGANI,1946,2015,Ottica e fotografia,45.4516447,9.1751015
7426,Locale storico,Storica attività,MI,MILANO,"VIA DEI MISSAGLIA, 21",20142,15146,PHIL BAR S.N.C. DI MEAZZA PATRIZIA E ANGELILLO FRANCESCO,ANTICA OSTERIA DE IL RONCHETTINO,1929,2015,Ristorazione,45.4252888,9.1796805
7428,Negozio storico,Storica attività,MI,MILANO,"VIA GIUSEPPE RIPAMONTI, 7/A",20136,15146,BRAMBILLA UNIVERSAL SHOES SRL,BRAMBILLA CALZATURE,1936,2015,Abbigliamento e accessori,45.4502916,9.1970814
7429,Locale storico,Storica attività,MI,MILANO,"VIA ENRICO STENDHAL, 39",20144,15146,F.LLI BRUNELLI SNC DI CRISTINA E LORENZO BRUNELLI,BRUNELLI LATTERIA,1946,2015,Bar e tabaccheria,45.4543095,9.1585338
7430,Negozio storico,Storica attività,MI,MILANO,"VIA GIOVANNI SCHIAPARELLI, 4",20125,15146,FARMACIA PONTE SEVESO DI BENZI GIORGIO,FARMACIA PONTE SEVESO,1888,2015,Salute e benessere,45.4895744,9.205393
7431,Negozio storico,Storica attività,MI,MILANO,"VIA PIACENZA, 24",20135,15146,FARMACIA ROMA DEI DOTTORI ANTONIOLI LUCA ENRICO MICHELE E FOX STEFANO FELICE & C. S.N.C.,FARMACIA ROMA,1932,2015,Salute e benessere,45.4492239,9.20553
7433,Negozio storico,Negozio storico,MI,MILANO,"VIA TORINO, 57",20123,15146,FOTO VENETA OTTICA DI BISELLO GIORGIO,FOTO VENETA OTTICA DI BISELLO,1931,2015,Ottica e fotografia,45.4606195,9.1833664
7435,Negozio storico,Storica attività,MI,MILANO,"VIA MESSINA, 1",20154,15146,D'AMBROSIO NICOLA,L'ORTOLANO DI PAOLO SARPI,1934,2015,Alimentari e specialità alimentari,45.4815911,9.1757269
7436,Negozio storico,Storica attività,MI,MILANO,"VIA RODOLFO CARABELLI, 1",20137,15146,PANETTERIA ANFOSSI SNC DI GIORGIO ANFOSSI E C.,PASTICCERIA ANFOSSI,1961,2015,"Gelaterie, pasticcerie e torrefazioni",45.4503749,9.2212339
7443,Negozio storico,Storica attività,MI,MILANO,"VIA LAZZARO PAPI, 12",20135,15146,SEGANTI ARREDA S.A.S. DI SEGANTI GIANCARLO,SEGANTI ARREDA,1964,2015,Casa e arredamento,45.4507117,9.2074637
7467,Negozio storico,Storica attività,MI,MILANO,"PIAZZA MENTANA, 7",20123,15146,FERRAMENTA MEREGHETTI S.R.L.,FERRAMENTA MEREGHETTI,1930,2015,Attrezzature,45.4622186,9.1813315
7473,Negozio storico,Locale storico,MI,MILANO,"PIAZZALE DI PORTA LODOVICA, 2",20136,15146,GUD S.R.L.,GATTULLO,1961,2015,"Gelaterie, pasticcerie e torrefazioni",45.4521175,9.1858537
7497,Locale storico,Storica attività,MI,MILANO,"VIA SOLFERINO, 11",20121,15146,RISTORANTE RIGOLO DI SIMONCINI RENATO E C. S.A.S.,RISTORANTE RIGOLO,1958,2015,Ristorazione,45.4749101,9.186904
7508,Negozio storico,Storica attività,MI,MILANO,"VIA FONTANA, 3",20122,15146,CITTERIO LIVIO S.A.S. DI CITTERIO OSVALDO & C.,CITTERIO,1959,2015,Preziosi,45.4620008,9.2038281
7534,Negozio storico,Negozio storico,MI,MILANO,"CORSO VITTORIO EMANUELE II, 15",20122,15146,GOBBI 1842 S.R.L.,GOBBI,1897,2015,Preziosi,45.465684,9.196062
7536,Negozio storico,Storica attività,MI,MILANO,"VIALE UMBRIA, 82",20135,15146,MAGNANI GIOIELLI S.N.C. DI MAGNANI ANNA,MAGNANI GIOIELLI,1963,2015,Preziosi,45.4566274,9.2172815
7537,Negozio storico,Storica attività,MI,MILANO,"CORSO LODI, 12",20135,15146,CORSI CARLO,CORSI CARLO,1949,2015,Preziosi,45.4503001,9.2049103
7539,Negozio storico,Storica attività,MI,MILANO,"VIA FRANCESCO ANZANI, 2",20135,15146,EREDI LABADINI DI GINEX LAURA ARGENE & C. S.A.S.,LABADINI,1909,2015,Preziosi,45.4619365,9.2133256
7540,Negozio storico,Storica attività,MI,MILANO,"VIA LUPETTA, 5",20123,15146,OREFICERIA LUPETTA S.R.L.,OREFICERIA LUPETTA,1934,2015,Preziosi,45.4618446,9.1865742
7541,Negozio storico,Negozio storico,MI,MILANO,"VIA SOLFERINO, 3",20121,15146,MERU' DI BARTOLOMEO E GIOVANNA MEREU' S.N.C.,MERU' GIOIELLI,1959,2015,Preziosi,45.4733394,9.1872155
7543,Negozio storico,Storica attività,MI,MILANO,"VIA VINCENZO MONTI, 34",20123,15146,PICCOLO IVANO,PICCOLO OROLOGERIA OREFICERIA DAL...1918,1918,2015,Preziosi,45.4695294,9.171229
7565,Negozio storico,Storica attività,MI,MILANO,"CORSO SAN GOTTARDO, 2",20136,15146,OTTICA ALEARDI S.A.S. DI ANTONELLA ALEARDI E C.,OTTICA ALEARDI,1919,2016,Ottica e fotografia,45.451773,9.1799659
7572,Locale storico,Locale storico,MI,MILANO,"VIA ALBERTO NOTA, 47",20126,15146,PREMIATA TRATTORIA ARLATI DAL 1936 SRL,PREMIATA TRATTORIA ARLATI,1936,2017,Ristorazione,45.5179904,9.2086431
7575,Locale storico,Storica attività,MI,MILANO,"PIAZZALE CADORNA LUIGI, 9",20123,15146,CORIGLIANO VINCENZO,PASTICCERIA VILLA CAFFETTERIA,1896,2017,Bar e tabaccheria,45.4676762,9.176425
7576,Negozio storico,Storica attività,MI,MILANO,"VIA PONTE SEVESO, 17",20125,15146,BEGA ANTONIO,PESCHERIA MODERNA,1958,2017,Alimentari e specialità alimentari,45.4888117,9.2038888
7577,Negozio storico,Storica attività,MI,MILANO,"VIA LUIGI ORNATO, 45",20162,15146,BERETTA LUCILLA,CALZATURE BERETTA,1927,2017,Abbigliamento e accessori,45.5182639,9.1918349
7578,Negozio storico,Storica attività,MI,MILANO,"VIA ANTONIO MARIA CERIANI, 26",20153,15146,BERNASCONI BRUNO,FERRAMENTA AL MURUNASC,1921,2017,Casa e arredamento,45.4622478,9.0889099
7579,Negozio storico,Storica attività,MI,MILANO,"VIA GIOVANNI BRIOSI, 10",20133,15146,EREDI BOTTINI ANDREA DI ROBERTO BIANCHI S.N.C.,MACELLERIA EREDI BOTTINI ANDREA,1936,2018,Alimentari e specialità alimentari,45.470539,9.2287805
7580,Negozio storico,Storica attività,MI,MILANO,"VIA PROCACCINI GIULIO CESARE, 63",20154,15146,LA MUSICALE DI BISIGHINI LIVIA,LA MUSICALE DEL M° G. GUERRINI,1964,2017,Sport e tempo libero,45.4812755,9.1672423
7581,Negozio storico,Storica attività,MI,MILANO,"VIALE SABOTINO, 2",20135,15146,BOATI CLAUDIO SAS DI BOATI CHIARA E GIULIA,CARTOLERIA BOATI CLAUDIO,1942,2017,Cartoleria e libreria,45.4508039,9.1971159
7587,Negozio storico,Storica attività,MI,MILANO,"VIA ZEBEDIA, 9",20123,15146,BRANCATO DANIELE,OROLOGERIA ZEBEDIA,1947,2017,Sport e tempo libero,45.460697,9.1868795
7589,Negozio storico,Storica attività,MI,MILANO,"VIA SANTA CROCE, 1",20122,15146,BRIGO NICOLETTA,MACELLERIA BRIGO,1964,2017,Alimentari e specialità alimentari,45.4561943,9.1838191
7591,Negozio storico,Storica attività,MI,MILANO,"VIA CARDINALE GIOVANNI CAGLIERO, 7",20125,15146,BROVELLI GIULIANA ANTONIA,BOUTIQUE NELLA,1961,2018,Abbigliamento e accessori,45.4946656,9.205166
7592,Locale storico,Storica attività,MI,MILANO,"VIA GIOVANNI BATTISTA PERGOLESI, 3",20124,15146,LA BOTTEGA DEL GELATO DI MARCO CARDELLI,LA BOTTEGA DEL GELATO DA CARDELLI,1964,2016,"Gelaterie, pasticcerie e torrefazioni",45.4834664,9.2131785
7594,Negozio storico,Storica attività,MI,MILANO,"VIA DIGIONE, 9",20144,15146,CARMINATI ANGELO,PANIFICIO CARMINATI PANE E DOLCI,1962,2018,Alimentari e specialità alimentari,45.4604038,9.1552378
7595,Negozio storico,Storica attività,MI,MILANO,"VIA MARIOTTO ALBERTINELLI, 2",20148,15146,NUOVO MOBILIFICIO ALBERTINELLI DI COLOMBO GIANCLAUDIO GAETANO & C. S.A.S.,MOBILIFICIO ALBERTINELLI,1961,2018,Casa e arredamento,45.4746563,9.1399672
7599,Locale storico,Locale storico,MI,MILANO,"VIA MARGHERA, 10",20149,15146,"""LOM.COR. S.R.L.""",PASTICCERIA MORIONDO,1909,2018,Bar e tabaccheria,45.4675663,9.1541869
7648,Negozio storico,Storica attività,MI,MILANO,"VIA PIERO DELLA FRANCESCA, 31",20154,15146,DOODAD S.A.S. DI IVAN FECOLA & C.,GUFFANTI IMPIANTI,1934,2016,Attrezzature,45.4839111,9.163742
7649,Negozio storico,Storica attività,MI,MILANO,"VIA TITO LIVIO, 24",20137,15146,MAGLIERIA TINA DI PASINI CLAUDIO S.A.S.,MAGLIERIA TINA,1962,2016,Abbigliamento e accessori,45.4509276,9.2183459
7697,Negozio storico,Storica attività,MI,MILANO,"PIAZZA DUOMO - PORT.MERIDIONALI, SNC",20123,15146,LABO' GIAMPIERO LUIGI,EDICOLA LABÒ,1951,2016,Cartoleria e libreria,45.46796,9.18178
7698,Negozio storico,Storica attività,MI,MILANO,"VIA CASTEL MORRONE, 2",20129,15146,PISA DI PISA ELISABETTA E LAURA S.N.C.,PISA,1953,2016,Preziosi,45.4687292,9.2149246
7722,Negozio storico,Storica attività,MI,MILANO,"VIA SAN SISTO, 5",20123,15146,ARIENTI COMPLEMENTI D'ARREDO SNC DI ARIENTI MARIALUISA E ARIENTI SILVIO,ARIENTI COMPLEMENTI D'ARREDO,1931,2017,Casa e arredamento,45.4611179,9.1814165
7723,Negozio storico,Storica attività,MI,MILANO,"VIA DOGANA, 2",20123,15146,CAMICERIA MILANESE DI DEANGELIS ROSSANA,CAMICERIA MILANESE,1922,2018,Abbigliamento e accessori,45.4633435,9.1891112
7725,Negozio storico,Negozio storico,MI,MILANO,"VIA FIORI OSCURI, 13",20121,15146,ANTICA FARMACIA DI BRERA SAS DEL DR. STEFANO DANESI E C.,ANTICA FARMACIA DI BRERA,1812,2018,Salute e benessere,45.4726105,9.1892168
7735,Negozio storico,Negozio storico,MI,MILANO,"CORSO VITTORIO EMANUELE II, 15",20122,15146,NANO BLEU SRL,NANO BLEU,1949,2017,Sport e tempo libero,45.465684,9.196062
7770,Negozio storico,Storica attività,MI,MILANO,"VIALE FULVIO TESTI, 78",20126,15146,EREDI FARINA S.A.S. DI ROMUALDO E SILVANO FARINA E C.,CASALINGHI FERRAMENTA FARINA,1951,2017,Attrezzature,45.5092198,9.2026904
7771,Negozio storico,Storica attività,MI,MILANO,"VIA ANDREA SOLARI, 46",20144,15146,OCCHIALI PELO S.N.C. DEI F.LLI PELO E GRAZIELLA MARCUOLA,OCCHIALI PELO DAL 1930,1930,2017,Ottica e fotografia,45.4540273,9.1585946
7772,Negozio storico,Storica attività,MI,MILANO,"VIA DEGLI IMBRIANI, 61",20158,15146,CALZATURE VALASSINA DI VALASSINA ANNA CHIARA,KAMMI VALASSINA,1957,2017,Abbigliamento e accessori,45.501664,9.1658999
7788,Negozio storico,Storica attività,MI,MILANO,"VIA NICASTRO, 4",20137,15146,GATTI GIANANTONIO,PANIFICIO GATTI,1909,2017,Alimentari e specialità alimentari,45.4520604,9.221686
7789,Locale storico,Storica attività,MI,MILANO,"VIA SAN GREGORIO, 1",20124,15146,PASTICCERIA SAN GREGORIO S.A.S. DI PIERANGELO BERNASCONI & C.,PASTICCERIA SAN GREGORIO,1948,2017,"Gelaterie, pasticcerie e torrefazioni",45.4777968,9.2078841
7817,Negozio storico,Storica attività,MI,MILANO,"VIALE TUNISIA, 4",20124,15146,LIBRERIA INTERNAZIONALE C.E.L.I.P. CASA EDITRICE LIBRERIA INTERNAZIONALE PARTIPILO,LIBRERIA PARTIPILO,1966,2017,Cartoleria e libreria,45.4769782,9.2064745
7823,Negozio storico,Storica attività,MI,MILANO,"CORSO XXII MARZO, 23",20129,15146,FIERA DEL LIBRO DI GUAITAMACCHI DAVIDE & C. S.N.C.,LIBRERIA FIERA DEL LIBRO,1962,2017,Cartoleria e libreria,45.4623834,9.2108866
7830,Negozio storico,Storica attività,MI,MILANO,"VIALE MONTE NERO, 73",20135,15146,INVERNIZZI ORESTE S.A.S. DI INVERNIZZI VITTORIO E C.,INVERNIZZI,1923,2018,Attrezzature,45.4611684,9.2074365
7833,Negozio storico,Storica attività,MI,MILANO,"PIAZZA ANTONIO GRAMSCI, 12",20154,15146,FRANCONE S.R.L.,CONCESSIONARIA FRANCONE,1956,2018,Auto e Moto,45.4822942,9.1683058
7834,Negozio storico,Storica attività,MI,MILANO,"VIA URBANO III, 4",20123,15146,VALIGERIA VETRA SAS DI MARCHINO ROBERTO & C.,VALIGERIA MARCHINO,1962,2018,Abbigliamento e accessori,45.4589638,9.1816843
7836,Negozio storico,Storica attività,MI,MILANO,"VIA VINCENZO MONTI, 28",20123,15146,GIO' YDEA DI PASETTI DEA,GIOYDEA DI PASETTI DEA,1908,2018,Abbigliamento e accessori,45.4685999,9.1724577
7837,Negozio storico,Storica attività,MI,MILANO,"VIALE TIBALDI, 48",20136,15146,RONCHETTI VITTORIO,RONCHETTI DOLCIUMI,1956,2018,Alimentari e specialità alimentari,45.4439541,9.1824776
7838,Negozio storico,Storica attività,MI,MILANO,"PIAZZALE LAGOSTA, 10",20124,15146,BABY STELLA DI SABATINI CLAUDIA,BABY STELLA,1962,2018,Abbigliamento e accessori,45.4892748,9.1918137
7839,Locale storico,Storica attività,MI,MILANO,"VIA PIERO DELLA FRANCESCA, 68",20154,15146,P.D.F. S.R.L.,RISTORANTE CHATULLE,1930,2018,Ristorazione,45.4863235,9.1601222
7840,Locale storico,Storica attività,MI,MILANO,"VIA SENATO, 7",20121,15146,IL BARETTO AL BAGLIONI S.R.L.,IL BARETTO AL BAGLIONI,1964,2018,Ristorazione,45.4693891,9.1983368
7841,Negozio storico,Storica attività,MI,MILANO,"VIALE SABOTINO, 10",20135,15146,COLTELLERIE ITALIANE ZOPPIS SNC DI ELENA E ROBERTO ZOPPIS,COLTELLERIE ITALIANE ZOPPIS,1945,2018,Miscellanea,45.4508093,9.1987954
7850,Negozio storico,Storica attività,MI,MILANO,"PIAZZA DERGANO, 5",20158,15146,I GREGORI S.A.S. DI GREGORI ANDREA E C.,I GREGORI,1933,2018,Preziosi,45.5029505,9.176447
7860,Locale storico,Insegna storica e di tradizione,MI,MILANO,"GALLERIA VITTORIO EMANUELE II, 75",20121,15146,RIDE S.R.L.,GALLERIA,1968,2018,Ristorazione,45.46621,9.1899
7894,Locale storico,Locale storico,MI,MILANO,"VIA TOMMASO MARINO, 7",20121,15146,COZZOLI RICCARDO,BAR MARINO,1932,2018,Bar e tabaccheria,45.4663829,9.1902739
7902,Locale storico,Storica attività,MI,MILANO,"VIA DELLA COMMENDA, 21",20122,15146,DI LIDDO PASQUALE,PANIFICIO DI LIDDO PASQUALE,1958,2018,Bar e tabaccheria,45.4572458,9.1992089
7903,Negozio storico,Storica attività,MI,MILANO,"VIA TIZIANO, 13",20145,15146,MARCON RENZO,PANIFICIO PASTICCERIA MARCON RENZO,1933,2018,Alimentari e specialità alimentari,45.4721049,9.1577771
7904,Negozio storico,Storica attività,MI,MILANO,"PIAZZA PIETRO GOBETTI, 8",20131,15146,DANELLI DANIELE,PANIFICIO DANELLI,1934,2018,Alimentari e specialità alimentari,45.4854089,9.2334745
7955,Negozio storico,Storica attività,MI,MILANO,"VIA FRATELLI RUFFINI, 9",20123,15146,TOFY TOYS DI CAVERA MOIRA,TOFY TOYS,1962,2018,Sport e tempo libero,45.4667682,9.1693978
7963,Locale storico,Storica attività,MI,MILANO,"PIAZZALE CANTORE, SNC",20123,15146,RISTORANTE AL PORTO S.R.L.,RISTORANTE AL PORTO,1967,2018,Ristorazione,45.4556728,9.1744307
7968,Negozio storico,Storica attività,MI,MILANO,"VIA MAURIZIO QUADRIO,  25",20154,15146,OTTICA FARINI DI GUASCHI PIETRO ANGELO,GUASCHI OTTICA,1955,2018,Ottica e fotografia,45.4839308,9.1814817
7969,Negozio storico,Storica attività,MI,MILANO,"CORSO ITALIA, 1",20122,15146,OTTICA RIGA DI BORDIN MAURIZIO,OTTICA,1958,2018,Ottica e fotografia,45.460098,9.1883525
7970,Negozio storico,Storica attività,MI,MILANO,"PIAZZALE STAZIONE DI PORTA GENOVA, 3",20144,15146,G. TURCI SAS DI PAOLA TURCI E C.,G.TURCI CALZATURE,1907,2018,Abbigliamento e accessori,45.453458,9.170461
7971,Negozio storico,Storica attività,MI,MILANO,"VIA DELLE FORZE ARMATE, 24",20147,15146,CINZIA ROSSI GIOIELLI,CINZIA ROSSI GIOIELLI,1961,2018,Preziosi,45.4633456,9.1358484
7975,Negozio storico,Storica attività,MI,MILANO,"VIA PONTACCIO, 12",20121,15146,ARNALDO CASTELLI DI CASTELLI CLEMENTINA,ARNALDO CASTELLI,1902,2018,Casa e arredamento,45.4726862,9.1860258
7976,Negozio storico,Storica attività,MI,MILANO,"CORSO LODI, 2",20135,15146,MAV ARREDA S.R.L.,MAV ARREDA,1934,2018,Casa e arredamento,45.4512579,9.2031338
7989,Negozio storico,Storica attività,MI,MILANO,"VIA GIULIO CESARE PROCACCINI, 54",20154,15146,FOTO RADIO MARELLI DI LOVA MARELLI ROBERTO,FOTO RADIO MARELLI,1944,2019,Ottica e fotografia,45.481786,9.1675223
7991,Locale storico,Locale storico,MI,MILANO,"VIA BORGOSPESSO, 12",20121,15146,S.T.R.A. S.R.L.,RISTORANTE BICE,1939,2019,Ristorazione,45.470142,9.1941922
7993,Negozio storico,Storica attività,MI,MILANO,"VIA DON CARLO GNOCCHI, 3",20148,15146,GHISI ALESSANDRO,LA MACELLERIA,1967,2019,Alimentari e specialità alimentari,45.4748723,9.1236569
8071,Negozio storico,Storica attività,MI,MILANO,"VIA ALESSANDRO VOLTA, 7",20121,15146,ERBORISTERIA OFFICINALE MEDIOLANUM DI FIUMANI GABRIELLA,ERBORISTERIA  MEDIOLANUM,1978,2019,Salute e benessere,45.4791188,9.183843
8073,Negozio storico,Storica attività,MI,MILANO,"VIALE ARGONNE, 1",20133,15146,LANFOSSI S.R.L.,LANFOSSI OROLOGI GIOIELLI,1966,2019,Preziosi,45.4684976,9.2252779
8097,Negozio storico,Storica attività,MI,MILANO,"VIA ANTONIO SALIERI, 6",20131,15146,ARMERIA BUZZINI DI BUZZINI ANGELO,ARMERIA BUZZINI,1947,2019,Sport e tempo libero,45.4851588,9.2354479
8110,Negozio storico,Storica attività,MI,MILANO,"CORSO EUROPA, 10",20122,15146,S.A.S. MARCONI DI CARLO MARCONI E C.,ARGENTERIA MARCONI,1974,2019,Preziosi,45.4640189,9.1964144
8116,Negozio storico,Storica attività,MI,MILANO,"CORSO MAGENTA, 1",20123,15146,LORENZI ANDREA,O. LORENZI,1920,2019,Attrezzature,45.4655631,9.1801653
8119,Negozio storico,Storica attività,MI,MILANO,"VIA PASCOLI, 18",20129,15146,FERRARI CHIARA,CASTIGLIONI,1951,2019,Merceria,45.4745245,9.2201998
8122,Negozio storico,Storica attività,MI,MILANO,"PIAZZETTA UMBERTO GIORDANO ANGOLO CORSO MONFORTE, 42",20121,15146,A.M.D. SRL,PROFUMERIA MAZZOLARI,1950,2019,Cura della persona,45.46796,9.18178
8138,Negozio storico,Storica attività,MI,MILANO,"VIA PROSPERO FINZI, 2",20126,15146,FERRAMENTA BOCCHIOLA S.R.L.,FERRAMENTA BOCCHIOLA,1920,2019,Attrezzature,45.504931,9.2219982
8157,Locale storico,Locale storico,MI,MILANO,"VIA DELLA CHIESA ROSSA, 113",20142,15146,OSTERIA DELLA CONCA FALLATA S.A.S. DI MASCOLI ANDREA & C.,OSTERIA DELLA CONCA FALLATA,1969,2019,Ristorazione,45.4260103,9.1697494
8158,Locale storico,Storica attività,MI,MILANO,"VIA NOVARA, 139",20153,15146,"GELATERIA FLORIANA DI PAPAGNA TRIFONE RICCARDO, MENSI FLORIANA E PAPAGNA LUCA SNC",GELATERIA FLORIANA,1954,2019,"Gelaterie, pasticcerie e torrefazioni",45.4743866,9.1161125
8159,Negozio storico,Storica attività,MI,MILANO,"VIA CIOVASSO, 5",20121,15146,IL FRUTTETO DI LIDDO ROBERTO,IL FRUTTETO DI VIA CIOVASSO,1933,2019,Alimentari e specialità alimentari,45.4695595,9.1867313
8171,Negozio storico,Storica attività,MI,MILANO,"VIA LUIGI CANONICA, 87",20154,15146,LUCCINI PAOLO,LUCCINI OROLOGERIA GIOIELLERIA,1970,2019,Preziosi,45.4811887,9.1692675
8173,Negozio storico,Storica attività,MI,MILANO,"VIA ANGELO POLIZIANO, 9",20154,15146,IL FRANCESCONE DI RAINOLDI ALESSANDRO ELSO,IL FRANCESCONE GIOIELLI E ARGENTI,1974,2019,Preziosi,45.4835394,9.1647971
8174,Negozio storico,Storica attività,MI,MILANO,"PIAZZA BRUNO BUOZZI, 2",20135,15146,GIANNASI 1967 SRL,GIANNASI 1967 MILANO PORTA ROMANA,1966,2019,Alimentari e specialità alimentari,45.44966,9.20602
8176,Negozio storico,Storica attività,MI,MILANO,"PIAZZA VI FEBBRAIO, 16",20145,15146,NOGARA DI VOLPI GUGLIELMO E C. S.A.S.,GIOIELLERIA NOGARA,1957,2019,Preziosi,45.4775666,9.1615847
8177,Negozio storico,Storica attività,MI,MILANO,"VIALE REGINA GIOVANNA, 36",20129,15146,LUIGI GALVANI,LUIGI GALVANI,1933,2019,Preziosi,45.473338,9.2136429
8187,Negozio storico,Negozio storico,MI,MILANO,"VIA GALEAZZO ALESSI, 4",20123,15146,TARONI FLAMINIO,TARONI,1967,2019,Preziosi,45.4559002,9.1762585
8191,Bottega artigiana storica,Storica attività artigiana,MI,MILANO,"VIA CARLO DOLCI, 16",20148,15146,CENTRO STAMPA DI NERI CRISTIANO,CENTRO STAMPA,1965,2019,Cartoleria e libreria,45.4726391,9.1426184
8195,Locale storico,Storica attività,MI,MILANO,"VIALE MONZA, 10",20127,15146,LA GIARA S.N.C. DI STEFANIA LICARI E STEFANO COMI,OSTERIA LA GIARA SPECIALITA' PUGLIESI,1977,2019,Ristorazione,45.4881213,9.2174842
8197,Negozio storico,Negozio storico,MI,MILANO,"GALLERIA VITTORIO EMANUELE II, 11/12",20121,15146,ALGANI SOUVENIR DI BUTI ROBERTO E MARINONI MAURIZIO GIUSEPPE & C. SNC,ALGANI,1927,2019,Sport e tempo libero,45.4665772,9.1898623
8201,Locale storico,Locale storico,MI,MILANO,"VIA GIACOMO PUCCINI, 2",20121,15146,DA RITA E ANTONIO S.N.C. DI TOSATO ANTONIO & C.,RISTORANTE DA RITA E ANTONIO,1972,2019,Alimentari e specialità alimentari,45.4670619,9.1812523
8203,Negozio storico,Negozio storico,MI,MILANO,"VIA TOMMASO MARINO, 7",20121,15146,SUADEO S.R.L.,GALIMBERTI COMPAGNONI DE MUZIO,1941,2019,Cartoleria e libreria,45.4663829,9.1902739
8210,Negozio storico,Storica attività,MI,MILANO,"CORSO XXII MARZO, 29",20129,15146,LANFOSSI S.R.L.,LANFOSSI GIOIELLI,1923,2019,Preziosi,45.4623649,9.2140541
8275,Negozio storico,Insegna storica e di tradizione top,MI,MILANO,"GALLERIA VITTORIO EMANUELE II, 92",20121,15146,HAERES EQUITA S.R.L.,BORSALINO,1883,2019,Abbigliamento e accessori,45.4664168,9.1900646
8298,Locale storico,Storica attività,MI,MILANO,"VIA TOMMASO MARINO, 7",20121,15146,VANZINA CORBARI & C. S.R.L.,IL SALOTTO,1979,2020,Ristorazione,45.4663829,9.1902739
8338,Bottega artigiana storica,Storica attività artigiana,MI,MILANO,"VIA LOSANNA, 36",20154,15146,D'ELIA ALDO,BARBIERE,1959,2020,Cura della persona,45.4866085,9.1649619
8343,Bottega artigiana storica,Storica attività artigiana,MI,MILANO,"VIALE DEI MILLE, 1/A",20129,15146,CHIUSURE LAMPO DI MARIOTTI DANIELE,MARIOTTI MILANO DAL 1908,1978,2020,"Sartoria, calzoleria e riparazioni",45.4691026,9.2169817
8349,Negozio storico,Storica attività,MI,MILANO,"VIALE MONZA, 78",20125,15146,MAGGIO MARIA DI BIASSONI DANIELE,MACELLERIA MAGGIO DI BIASSONI,1922,2020,Alimentari e specialità alimentari,45.4955718,9.2197331
8350,Negozio storico,Storica attività,MI,MILANO,"VIA MERCATO, 24",20121,15146,BARONI FRANCESCO,PANETTERIA,1968,2020,Alimentari e specialità alimentari,45.4713353,9.1843285
8427,Negozio storico,Storica attività,MI,MILANO,"VIA FIORI CHIARI, 16",20121,15146,MP SAS DI FRANCESCA PORRO E C.,LUIGI PORRO ORAFO,1938,2020,Preziosi,45.4721869,9.186537
8429,Bottega artigiana storica,Storica attività artigiana,MI,MILANO,"PIAZZA SANT'ALESSANDRO, 2",20123,15146,MALVISINI CRISTINA,MALVISINI GIOIELLI,1959,2020,Preziosi,45.4611432,9.1861699
8453,Bottega artigiana storica,Storica attività artigiana,MI,MILANO,"VIA ORNATO LUIGI, 14",20162,15146,GRAFICHE BARAGGIA S.R.L.,ARTI GRAFICHE BARAGGIA TIPO - LITOGRAFIA,1966,2020,Cartoleria e libreria,45.5160264,9.1912421
8458,Negozio storico,Storica attività,MI,MILANO,"VIA GIOSUE' CARDUCCI, 36",20123,15146,R G M SRL,PASTICCERIA GELATERIA CONFETTERIA CAFFETTERIA,1978,2020,"Gelaterie, pasticcerie e torrefazioni",45.4626034,9.1736374
8462,Locale storico,Storica attività,MI,MILANO,"VIA SERIO, 2",20139,15146,FOREVER S.R.L.,DEVOTI,1942,2020,Bar e tabaccheria,45.4413979,9.2001092
8501,Bottega artigiana storica,Storica attività artigiana,MI,MILANO,"VIA GOFFREDO MAMELI, 24",20129,15146,ALVISI ERMANNO,ALVISI,1978,2020,"Sartoria, calzoleria e riparazioni",45.4649755,9.2133099
8521,Negozio storico,Storica attività,MI,MILANO,"VIA MERAVIGLI, 12",20123,15146,CERATINA S.A.S. DI ANGELINO PATRIZIA & C.,CERATINA 1919,1957,2020,Casa e arredamento,45.4658432,9.1828226
8546,Locale storico,Locale storico,MI,MILANO,"VIA GIOVANNI MORELLI, 4",20129,15146,COMMERCIALE BRIOS S.R.L.,GRAN CAFÈ & TRE MARIE,1978,2020,Bar e tabaccheria,45.4718264,9.2063183
8548,Locale storico,Locale storico,MI,MILANO,"CORSO GIUSEPPE GARIBALDI, 125",20121,15146,PANINO GIUSTO S.P.A.,PANINO GIUSTO,1979,2020,Ristorazione,45.4798121,9.1862031
8568,Locale storico,Storica attività,MI,MILANO,"VIA RISTORI ADELAIDE, 1",20129,15146,CARPEN IULIA,NEW GIBSON AMERICAN BAR,1977,2020,Bar e tabaccheria,45.4714066,9.2144084
7909,Locale storico,Locale storico,MI,MILANO,"VIA PASQUALE SOTTOCORNO, 6",20129,15146,GIACOMO RISTORANTI S.R.L.,RISTORANTE DA GIACOMO,1958,2018,Ristorazione,45.465434,9.2082979
7244,Locale storico,Locale storico,MI,MILANO,"Via San Maurilio, 7",20123,15146,SAN MAURILIO S.R.L.,RONCHI 78,1934,2012,Ristorazione,45.461631,9.1848234
7224,Locale storico,Storica attività,MI,MILANO,"Via Dogana, 3",20123,15146,NERO SRL,RISTORANTE PIZZERIA DOGANA,1951,2011,Ristorazione,45.4632275,9.1888059
6354,Negozio storico,Storica attività,MI,MILANO,"PIAZZA CINQUE GIORNATE, 6",20129,15146,FRIGERIO GOMME DI CE' ANDREA,FRIGERIO GOMME,1923,2010,Auto e Moto,45.4617107,9.207182
7488,Negozio storico,Storica attività,MI,MILANO,"PIAZZA DEL CARMINE, 1",20121,15146,DEMALDE' DI DEMALDE' CHIARA AURORA,DEMALDE',1943,2015,Preziosi,45.4700944,9.1852562
6315,Negozio storico,Storica attività,MI,MILANO,GALLERIA PRIVATA STRASBURGO 3,20122,15146,STUDIO BOLZANI SRL,BOLZANI CORNICI E STAMPE,1922,2010,Casa e arredamento,45.4649183,9.197808
6357,Negozio storico,Storica attività,MI,MILANO,VIA G. MORONE 2,20121,15146,Galleria Bolzani S.r.l.,GALLERIA BOLZANI,1922,2010,Casa e arredamento,45.4679057,9.1922007
7439,Negozio storico,Storica attività,MI,MILANO,"VIA CREMA, 25",20135,15146,PASTICCERIA SOMMARIVA S.A.S. DI SOMMARIVA IVAN E SOMMARIVA GIANLUCA,PASTICCERIA SOMMARIVA,1919,2015,Alimentari e specialità alimentari,45.4481109,9.2030526
7900,Locale storico,Storica attività,MI,MILANO,"VIA ALFONSO LAMARMORA, 31",20122,15146,PASTICCERIA ANGELO POLENGHI S.R.L.,PASTICCERIA GELATERIA POLENGHI,1937,2018,"Gelaterie, pasticcerie e torrefazioni",45.4574164,9.2037531
8423,Negozio storico,Negozio storico,MI,MILANO,"CORSO GIUSEPPE GARIBALDI, 71",20121,15146,ROSSIGNOLI S.R.L.,ROSSIGNOLI,1945,2020,Sport e tempo libero,45.4750429,9.1834331
6964,Negozio storico,Storica attività,MI,MILANO,VIA SARPI PAOLO 46,20154,15146,Baita del Formaggio snc,BAITA DEL FORMAGGIO DI FABIO RE,1939,2010,Alimentari e specialità alimentari,45.4812627,9.1734877
